RIVERBANK / STATE PARK,SOUTHERN BL / BOTANICAL GARDENS,4140
RIVERBANK / STATE PARK,CO-OP CITY BL / Bartow Av,5251
RIVERBANK / STATE PARK,BROADWAY / W 179 ST,1481
RIVERBANK / STATE PARK,RIVERDALE AV / W 263 ST,4075
RIVERBANK / STATE PARK,KATONAH AV / E 242 ST,4920
RIVERBANK / STATE PARK,3 AV / E FORDHAM RD,3540
RIVERBANK / STATE PARK,E 135 ST / ST ANN S AV,2760
RIVERBANK / STATE PARK,VALENTINE AV / FORDHAM RD,3604
RIVERBANK / STATE PARK,SOUNDVIEW AV / CORNELL AV,4817
RIVERBANK / STATE PARK,W 125 ST / 12 AV,518
RIVERBANK / STATE PARK,W 179 ST / BROADWAY,1435
RIVERBANK / STATE PARK,PENNYFIELD AV / FT SCHUYLER ENT,5760
RIVERBANK / STATE PARK,ST NICHOLAS AV / W 167 ST,1054
RIVERBANK / STATE PARK,WALNUT AV / E 133 ST,2160
RIVERBANK / STATE PARK,W FARMS RD / WESTCHESTER AV,2875
RIVERBANK / STATE PARK,Parking Ramp / Access Rd,5220
RIVERBANK / STATE PARK,BROADWAY / W 262 ST,4435
RIVERBANK / STATE PARK,TREMONT AV / LANE AV,4873
RIVERBANK / STATE PARK,E 136 ST / LINCOLN AV,2040
RIVERBANK / STATE PARK,WEST FARMS RD / HOE AV,2862
RIVERBANK / STATE PARK,ERSKINE PL / EARHART LA,5580
RIVERBANK / STATE PARK,W 135 ST / ST NICHOLAS AV,634
RIVERBANK / STATE PARK,179 ST / BROADWAY,1478
RIVERBANK / STATE PARK,SOUTHERN BL / WESTCHESTER AV,2793
RIVERBANK / STATE PARK,BAINBRIDGE AV / E 206 ST,3990
RIVERBANK / STATE PARK,LANE AV / BENSON AV,4804
RIVERBANK / STATE PARK,OLMSTEAD AV / SEWARD AV,4228
RIVERBANK / STATE PARK,E 149 ST / BERGEN AV,1645
RIVERBANK / STATE PARK,LIC,4150
CITY ISLAND AV / ROCHELLE ST,SOUTHERN BL / BOTANICAL GARDENS,3000
CITY ISLAND AV / ROCHELLE ST,CO-OP CITY BL / Bartow Av,1680
CITY ISLAND AV / ROCHELLE ST,BROADWAY / W 179 ST,4560
CITY ISLAND AV / ROCHELLE ST,RIVERDALE AV / W 263 ST,5700
CITY ISLAND AV / ROCHELLE ST,KATONAH AV / E 242 ST,4140
CITY ISLAND AV / ROCHELLE ST,3 AV / E FORDHAM RD,2905
CITY ISLAND AV / ROCHELLE ST,E 135 ST / ST ANN S AV,4320
CITY ISLAND AV / ROCHELLE ST,VALENTINE AV / FORDHAM RD,2947
CITY ISLAND AV / ROCHELLE ST,SOUNDVIEW AV / CORNELL AV,3063
CITY ISLAND AV / ROCHELLE ST,W 125 ST / 12 AV,5940
CITY ISLAND AV / ROCHELLE ST,W 179 ST / BROADWAY,4633
CITY ISLAND AV / ROCHELLE ST,PENNYFIELD AV / FT SCHUYLER ENT,3720
CITY ISLAND AV / ROCHELLE ST,ST NICHOLAS AV / W 167 ST,5160
CITY ISLAND AV / ROCHELLE ST,WALNUT AV / E 133 ST,5820
CITY ISLAND AV / ROCHELLE ST,W FARMS RD / WESTCHESTER AV,3442
CITY ISLAND AV / ROCHELLE ST,Parking Ramp / Access Rd,1638
CITY ISLAND AV / ROCHELLE ST,BROADWAY / W 262 ST,5520
CITY ISLAND AV / ROCHELLE ST,TREMONT AV / LANE AV,2043
CITY ISLAND AV / ROCHELLE ST,E 136 ST / LINCOLN AV,4740
CITY ISLAND AV / ROCHELLE ST,WEST FARMS RD / HOE AV,3429
CITY ISLAND AV / ROCHELLE ST,RIVERBANK / STATE PARK,5760
CITY ISLAND AV / ROCHELLE ST,ERSKINE PL / EARHART LA,1740
CITY ISLAND AV / ROCHELLE ST,W 135 ST / ST NICHOLAS AV,5324
CITY ISLAND AV / ROCHELLE ST,179 ST / BROADWAY,4572
CITY ISLAND AV / ROCHELLE ST,SOUTHERN BL / WESTCHESTER AV,3360
CITY ISLAND AV / ROCHELLE ST,BAINBRIDGE AV / E 206 ST,3745
CITY ISLAND AV / ROCHELLE ST,LANE AV / BENSON AV,2070
CITY ISLAND AV / ROCHELLE ST,OLMSTEAD AV / SEWARD AV,2283
CITY ISLAND AV / ROCHELLE ST,E 149 ST / BERGEN AV,3900
W 238 ST / BROADWAY,SOUTHERN BL / BOTANICAL GARDENS,1980
W 238 ST / BROADWAY,CO-OP CITY BL / Bartow Av,2948
W 238 ST / BROADWAY,BROADWAY / W 179 ST,2040
W 238 ST / BROADWAY,RIVERDALE AV / W 263 ST,1260
W 238 ST / BROADWAY,KATONAH AV / E 242 ST,2482
W 238 ST / BROADWAY,3 AV / E FORDHAM RD,1336
W 238 ST / BROADWAY,E 135 ST / ST ANN S AV,4200
W 238 ST / BROADWAY,VALENTINE AV / FORDHAM RD,1207
W 238 ST / BROADWAY,SOUNDVIEW AV / CORNELL AV,4203
W 238 ST / BROADWAY,W 125 ST / 12 AV,4200
W 238 ST / BROADWAY,W 179 ST / BROADWAY,2113
W 238 ST / BROADWAY,PENNYFIELD AV / FT SCHUYLER ENT,5580
W 238 ST / BROADWAY,ST NICHOLAS AV / W 167 ST,2707
W 238 ST / BROADWAY,WALNUT AV / E 133 ST,4200
W 238 ST / BROADWAY,W FARMS RD / WESTCHESTER AV,3780
W 238 ST / BROADWAY,Parking Ramp / Access Rd,3297
W 238 ST / BROADWAY,BROADWAY / W 262 ST,676
W 238 ST / BROADWAY,TREMONT AV / LANE AV,3186
W 238 ST / BROADWAY,E 136 ST / LINCOLN AV,3060
W 238 ST / BROADWAY,WEST FARMS RD / HOE AV,3127
W 238 ST / BROADWAY,RIVERBANK / STATE PARK,3600
W 238 ST / BROADWAY,ERSKINE PL / EARHART LA,3202
W 238 ST / BROADWAY,W 135 ST / ST NICHOLAS AV,3844
W 238 ST / BROADWAY,179 ST / BROADWAY,2052
W 238 ST / BROADWAY,SOUTHERN BL / WESTCHESTER AV,3060
W 238 ST / BROADWAY,BAINBRIDGE AV / E 206 ST,1771
W 238 ST / BROADWAY,LANE AV / BENSON AV,3854
W 238 ST / BROADWAY,OLMSTEAD AV / SEWARD AV,4020
W 238 ST / BROADWAY,E 149 ST / BERGEN AV,3252
W 238 ST / BROADWAY,LIC,7452
ST NICHOLAS AV / W 167 ST,SOUTHERN BL / BOTANICAL GARDENS,2940
ST NICHOLAS AV / W 167 ST,CO-OP CITY BL / Bartow Av,4780
ST NICHOLAS AV / W 167 ST,BROADWAY / W 179 ST,386
ST NICHOLAS AV / W 167 ST,RIVERDALE AV / W 263 ST,2880
ST NICHOLAS AV / W 167 ST,KATONAH AV / E 242 ST,4620
ST NICHOLAS AV / W 167 ST,3 AV / E FORDHAM RD,2455
ST NICHOLAS AV / W 167 ST,E 135 ST / ST ANN S AV,3219
ST NICHOLAS AV / W 167 ST,VALENTINE AV / FORDHAM RD,2339
ST NICHOLAS AV / W 167 ST,SOUNDVIEW AV / CORNELL AV,3402
ST NICHOLAS AV / W 167 ST,W 125 ST / 12 AV,1337
ST NICHOLAS AV / W 167 ST,W 179 ST / BROADWAY,403
ST NICHOLAS AV / W 167 ST,PENNYFIELD AV / FT SCHUYLER ENT,5640
ST NICHOLAS AV / W 167 ST,WALNUT AV / E 133 ST,2559
ST NICHOLAS AV / W 167 ST,W FARMS RD / WESTCHESTER AV,2940
ST NICHOLAS AV / W 167 ST,Parking Ramp / Access Rd,4257
ST NICHOLAS AV / W 167 ST,BROADWAY / W 262 ST,3360
ST NICHOLAS AV / W 167 ST,TREMONT AV / LANE AV,4080
ST NICHOLAS AV / W 167 ST,E 136 ST / LINCOLN AV,2439
ST NICHOLAS AV / W 167 ST,WEST FARMS RD / HOE AV,2957
ST NICHOLAS AV / W 167 ST,RIVERBANK / STATE PARK,988
ST NICHOLAS AV / W 167 ST,ERSKINE PL / EARHART LA,5100
ST NICHOLAS AV / W 167 ST,W 135 ST / ST NICHOLAS AV,1183
ST NICHOLAS AV / W 167 ST,179 ST / BROADWAY,381
ST NICHOLAS AV / W 167 ST,SOUTHERN BL / WESTCHESTER AV,2532
ST NICHOLAS AV / W 167 ST,BAINBRIDGE AV / E 206 ST,3505
ST NICHOLAS AV / W 167 ST,LANE AV / BENSON AV,4154
ST NICHOLAS AV / W 167 ST,OLMSTEAD AV / SEWARD AV,3247
ST NICHOLAS AV / W 167 ST,E 149 ST / BERGEN AV,2333
ST NICHOLAS AV / W 167 ST,LIC,4660
TREMONT AV / LANE AV,SOUTHERN BL / BOTANICAL GARDENS,2460
TREMONT AV / LANE AV,CO-OP CITY BL / Bartow Av,1909
TREMONT AV / LANE AV,BROADWAY / W 179 ST,3613
TREMONT AV / LANE AV,RIVERDALE AV / W 263 ST,4281
TREMONT AV / LANE AV,KATONAH AV / E 242 ST,2554
TREMONT AV / LANE AV,3 AV / E FORDHAM RD,2236
TREMONT AV / LANE AV,E 135 ST / ST ANN S AV,2827
TREMONT AV / LANE AV,VALENTINE AV / FORDHAM RD,2400
TREMONT AV / LANE AV,SOUNDVIEW AV / CORNELL AV,1690
TREMONT AV / LANE AV,W 125 ST / 12 AV,4687
TREMONT AV / LANE AV,W 179 ST / BROADWAY,3540
TREMONT AV / LANE AV,PENNYFIELD AV / FT SCHUYLER ENT,1274
TREMONT AV / LANE AV,ST NICHOLAS AV / W 167 ST,4097
TREMONT AV / LANE AV,WALNUT AV / E 133 ST,4117
TREMONT AV / LANE AV,W FARMS RD / WESTCHESTER AV,1761
TREMONT AV / LANE AV,Parking Ramp / Access Rd,1429
TREMONT AV / LANE AV,BROADWAY / W 262 ST,4680
TREMONT AV / LANE AV,E 136 ST / LINCOLN AV,3277
TREMONT AV / LANE AV,WEST FARMS RD / HOE AV,1770
TREMONT AV / LANE AV,RIVERBANK / STATE PARK,4267
TREMONT AV / LANE AV,ERSKINE PL / EARHART LA,1729
TREMONT AV / LANE AV,W 135 ST / ST NICHOLAS AV,4117
TREMONT AV / LANE AV,179 ST / BROADWAY,3617
TREMONT AV / LANE AV,SOUTHERN BL / WESTCHESTER AV,1821
TREMONT AV / LANE AV,BAINBRIDGE AV / E 206 ST,3210
TREMONT AV / LANE AV,LANE AV / BENSON AV,78
TREMONT AV / LANE AV,OLMSTEAD AV / SEWARD AV,1337
TREMONT AV / LANE AV,E 149 ST / BERGEN AV,2407
TREMONT AV / LANE AV,LIC,7219
ST CLAIRE PL / W 125 ST,SOUTHERN BL / BOTANICAL GARDENS,4824
ST CLAIRE PL / W 125 ST,CO-OP CITY BL / Bartow Av,5395
ST CLAIRE PL / W 125 ST,BROADWAY / W 179 ST,1775
ST CLAIRE PL / W 125 ST,RIVERDALE AV / W 263 ST,4269
ST CLAIRE PL / W 125 ST,KATONAH AV / E 242 ST,5880
ST CLAIRE PL / W 125 ST,3 AV / E FORDHAM RD,3960
ST CLAIRE PL / W 125 ST,E 135 ST / ST ANN S AV,2640
ST CLAIRE PL / W 125 ST,VALENTINE AV / FORDHAM RD,3983
ST CLAIRE PL / W 125 ST,SOUNDVIEW AV / CORNELL AV,3975
ST CLAIRE PL / W 125 ST,W 125 ST / 12 AV,51
ST CLAIRE PL / W 125 ST,W 179 ST / BROADWAY,1729
ST CLAIRE PL / W 125 ST,PENNYFIELD AV / FT SCHUYLER ENT,5352
ST CLAIRE PL / W 125 ST,ST NICHOLAS AV / W 167 ST,1375
ST CLAIRE PL / W 125 ST,WALNUT AV / E 133 ST,2220
ST CLAIRE PL / W 125 ST,W FARMS RD / WESTCHESTER AV,3660
ST CLAIRE PL / W 125 ST,Parking Ramp / Access Rd,4812
ST CLAIRE PL / W 125 ST,BROADWAY / W 262 ST,4509
ST CLAIRE PL / W 125 ST,TREMONT AV / LANE AV,4634
ST CLAIRE PL / W 125 ST,E 136 ST / LINCOLN AV,2100
ST CLAIRE PL / W 125 ST,WEST FARMS RD / HOE AV,3677
ST CLAIRE PL / W 125 ST,RIVERBANK / STATE PARK,833
ST CLAIRE PL / W 125 ST,ERSKINE PL / EARHART LA,5172
ST CLAIRE PL / W 125 ST,W 135 ST / ST NICHOLAS AV,824
ST CLAIRE PL / W 125 ST,179 ST / BROADWAY,1772
ST CLAIRE PL / W 125 ST,SOUTHERN BL / WESTCHESTER AV,3477
ST CLAIRE PL / W 125 ST,BAINBRIDGE AV / E 206 ST,4590
ST CLAIRE PL / W 125 ST,LANE AV / BENSON AV,4560
ST CLAIRE PL / W 125 ST,OLMSTEAD AV / SEWARD AV,3820
ST CLAIRE PL / W 125 ST,E 149 ST / BERGEN AV,2363
ST CLAIRE PL / W 125 ST,LIC,3702
FORDHAM PLAZA / BUS TERMINAL,SOUTHERN BL / BOTANICAL GARDENS,923
FORDHAM PLAZA / BUS TERMINAL,CO-OP CITY BL / Bartow Av,1943
FORDHAM PLAZA / BUS TERMINAL,BROADWAY / W 179 ST,2113
FORDHAM PLAZA / BUS TERMINAL,RIVERDALE AV / W 263 ST,2489
FORDHAM PLAZA / BUS TERMINAL,KATONAH AV / E 242 ST,1713
FORDHAM PLAZA / BUS TERMINAL,3 AV / E FORDHAM RD,77
FORDHAM PLAZA / BUS TERMINAL,E 135 ST / ST ANN S AV,2580
FORDHAM PLAZA / BUS TERMINAL,VALENTINE AV / FORDHAM RD,366
FORDHAM PLAZA / BUS TERMINAL,SOUNDVIEW AV / CORNELL AV,2366
FORDHAM PLAZA / BUS TERMINAL,W 125 ST / 12 AV,3935
FORDHAM PLAZA / BUS TERMINAL,W 179 ST / BROADWAY,2040
FORDHAM PLAZA / BUS TERMINAL,PENNYFIELD AV / FT SCHUYLER ENT,4055
FORDHAM PLAZA / BUS TERMINAL,ST NICHOLAS AV / W 167 ST,2326
FORDHAM PLAZA / BUS TERMINAL,WALNUT AV / E 133 ST,2640
FORDHAM PLAZA / BUS TERMINAL,W FARMS RD / WESTCHESTER AV,1817
FORDHAM PLAZA / BUS TERMINAL,Parking Ramp / Access Rd,2063
FORDHAM PLAZA / BUS TERMINAL,BROADWAY / W 262 ST,2609
FORDHAM PLAZA / BUS TERMINAL,TREMONT AV / LANE AV,2136
FORDHAM PLAZA / BUS TERMINAL,E 136 ST / LINCOLN AV,2220
FORDHAM PLAZA / BUS TERMINAL,WEST FARMS RD / HOE AV,1800
FORDHAM PLAZA / BUS TERMINAL,RIVERBANK / STATE PARK,3780
FORDHAM PLAZA / BUS TERMINAL,ERSKINE PL / EARHART LA,2003
FORDHAM PLAZA / BUS TERMINAL,W 135 ST / ST NICHOLAS AV,4013
FORDHAM PLAZA / BUS TERMINAL,179 ST / BROADWAY,2117
FORDHAM PLAZA / BUS TERMINAL,SOUTHERN BL / WESTCHESTER AV,1869
FORDHAM PLAZA / BUS TERMINAL,BAINBRIDGE AV / E 206 ST,807
FORDHAM PLAZA / BUS TERMINAL,LANE AV / BENSON AV,2067
FORDHAM PLAZA / BUS TERMINAL,OLMSTEAD AV / SEWARD AV,2447
FORDHAM PLAZA / BUS TERMINAL,E 149 ST / BERGEN AV,1887
FORDHAM PLAZA / BUS TERMINAL,LIC,5807
VALENTINE AV / E FORDHAM RD,SOUTHERN BL / BOTANICAL GARDENS,1020
VALENTINE AV / E FORDHAM RD,CO-OP CITY BL / Bartow Av,2322
VALENTINE AV / E FORDHAM RD,BROADWAY / W 179 ST,1650
VALENTINE AV / E FORDHAM RD,RIVERDALE AV / W 263 ST,2244
VALENTINE AV / E FORDHAM RD,KATONAH AV / E 242 ST,1560
VALENTINE AV / E FORDHAM RD,3 AV / E FORDHAM RD,210
VALENTINE AV / E FORDHAM RD,E 135 ST / ST ANN S AV,2880
VALENTINE AV / E FORDHAM RD,VALENTINE AV / FORDHAM RD,10
VALENTINE AV / E FORDHAM RD,SOUNDVIEW AV / CORNELL AV,2463
VALENTINE AV / E FORDHAM RD,W 125 ST / 12 AV,4263
VALENTINE AV / E FORDHAM RD,W 179 ST / BROADWAY,1723
VALENTINE AV / E FORDHAM RD,PENNYFIELD AV / FT SCHUYLER ENT,3720
VALENTINE AV / E FORDHAM RD,ST NICHOLAS AV / W 167 ST,2490
VALENTINE AV / E FORDHAM RD,WALNUT AV / E 133 ST,2940
VALENTINE AV / E FORDHAM RD,W FARMS RD / WESTCHESTER AV,1939
VALENTINE AV / E FORDHAM RD,Parking Ramp / Access Rd,2139
VALENTINE AV / E FORDHAM RD,BROADWAY / W 262 ST,2364
VALENTINE AV / E FORDHAM RD,TREMONT AV / LANE AV,2233
VALENTINE AV / E FORDHAM RD,E 136 ST / LINCOLN AV,2330
VALENTINE AV / E FORDHAM RD,WEST FARMS RD / HOE AV,1927
VALENTINE AV / E FORDHAM RD,RIVERBANK / STATE PARK,3090
VALENTINE AV / E FORDHAM RD,ERSKINE PL / EARHART LA,2382
VALENTINE AV / E FORDHAM RD,W 135 ST / ST NICHOLAS AV,3100
VALENTINE AV / E FORDHAM RD,179 ST / BROADWAY,1662
VALENTINE AV / E FORDHAM RD,SOUTHERN BL / WESTCHESTER AV,1860
VALENTINE AV / E FORDHAM RD,BAINBRIDGE AV / E 206 ST,971
VALENTINE AV / E FORDHAM RD,LANE AV / BENSON AV,2164
VALENTINE AV / E FORDHAM RD,OLMSTEAD AV / SEWARD AV,2544
VALENTINE AV / E FORDHAM RD,E 149 ST / BERGEN AV,1770
VALENTINE AV / E FORDHAM RD,LIC,6135
VAN CORTLANDT PK E / E 242 ST,SOUTHERN BL / BOTANICAL GARDENS,2640
VAN CORTLANDT PK E / E 242 ST,CO-OP CITY BL / Bartow Av,2491
VAN CORTLANDT PK E / E 242 ST,BROADWAY / W 179 ST,3300
VAN CORTLANDT PK E / E 242 ST,RIVERDALE AV / W 263 ST,3540
VAN CORTLANDT PK E / E 242 ST,KATONAH AV / E 242 ST,14
VAN CORTLANDT PK E / E 242 ST,3 AV / E FORDHAM RD,1941
VAN CORTLANDT PK E / E 242 ST,E 135 ST / ST ANN S AV,4860
VAN CORTLANDT PK E / E 242 ST,VALENTINE AV / FORDHAM RD,1620
VAN CORTLANDT PK E / E 242 ST,SOUNDVIEW AV / CORNELL AV,3963
VAN CORTLANDT PK E / E 242 ST,W 125 ST / 12 AV,5580
VAN CORTLANDT PK E / E 242 ST,W 179 ST / BROADWAY,3373
VAN CORTLANDT PK E / E 242 ST,PENNYFIELD AV / FT SCHUYLER ENT,3900
VAN CORTLANDT PK E / E 242 ST,ST NICHOLAS AV / W 167 ST,3900
VAN CORTLANDT PK E / E 242 ST,WALNUT AV / E 133 ST,5460
VAN CORTLANDT PK E / E 242 ST,W FARMS RD / WESTCHESTER AV,3677
VAN CORTLANDT PK E / E 242 ST,Parking Ramp / Access Rd,2891
VAN CORTLANDT PK E / E 242 ST,BROADWAY / W 262 ST,3060
VAN CORTLANDT PK E / E 242 ST,TREMONT AV / LANE AV,2580
VAN CORTLANDT PK E / E 242 ST,E 136 ST / LINCOLN AV,4380
VAN CORTLANDT PK E / E 242 ST,WEST FARMS RD / HOE AV,3660
VAN CORTLANDT PK E / E 242 ST,RIVERBANK / STATE PARK,4680
VAN CORTLANDT PK E / E 242 ST,ERSKINE PL / EARHART LA,2820
VAN CORTLANDT PK E / E 242 ST,W 135 ST / ST NICHOLAS AV,4784
VAN CORTLANDT PK E / E 242 ST,179 ST / BROADWAY,3312
VAN CORTLANDT PK E / E 242 ST,SOUTHERN BL / WESTCHESTER AV,3729
VAN CORTLANDT PK E / E 242 ST,BAINBRIDGE AV / E 206 ST,1037
VAN CORTLANDT PK E / E 242 ST,LANE AV / BENSON AV,2654
VAN CORTLANDT PK E / E 242 ST,OLMSTEAD AV / SEWARD AV,3600
VAN CORTLANDT PK E / E 242 ST,E 149 ST / BERGEN AV,3297
E 241 ST / CRANFORD AVE,SOUTHERN BL / BOTANICAL GARDENS,2893
E 241 ST / CRANFORD AVE,CO-OP CITY BL / Bartow Av,2744
E 241 ST / CRANFORD AVE,BROADWAY / W 179 ST,4093
E 241 ST / CRANFORD AVE,RIVERDALE AV / W 263 ST,3793
E 241 ST / CRANFORD AVE,KATONAH AV / E 242 ST,973
E 241 ST / CRANFORD AVE,3 AV / E FORDHAM RD,1979
E 241 ST / CRANFORD AVE,E 135 ST / ST ANN S AV,4753
E 241 ST / CRANFORD AVE,VALENTINE AV / FORDHAM RD,2145
E 241 ST / CRANFORD AVE,SOUNDVIEW AV / CORNELL AV,3496
E 241 ST / CRANFORD AVE,W 125 ST / 12 AV,5773
E 241 ST / CRANFORD AVE,W 179 ST / BROADWAY,4033
E 241 ST / CRANFORD AVE,PENNYFIELD AV / FT SCHUYLER ENT,4153
E 241 ST / CRANFORD AVE,ST NICHOLAS AV / W 167 ST,4693
E 241 ST / CRANFORD AVE,WALNUT AV / E 133 ST,5533
E 241 ST / CRANFORD AVE,W FARMS RD / WESTCHESTER AV,4407
E 241 ST / CRANFORD AVE,Parking Ramp / Access Rd,3144
E 241 ST / CRANFORD AVE,BROADWAY / W 262 ST,3313
E 241 ST / CRANFORD AVE,TREMONT AV / LANE AV,2833
E 241 ST / CRANFORD AVE,E 136 ST / LINCOLN AV,4453
E 241 ST / CRANFORD AVE,WEST FARMS RD / HOE AV,4416
E 241 ST / CRANFORD AVE,RIVERBANK / STATE PARK,4753
E 241 ST / CRANFORD AVE,ERSKINE PL / EARHART LA,3073
E 241 ST / CRANFORD AVE,W 135 ST / ST NICHOLAS AV,4737
E 241 ST / CRANFORD AVE,179 ST / BROADWAY,4105
E 241 ST / CRANFORD AVE,SOUTHERN BL / WESTCHESTER AV,4453
E 241 ST / CRANFORD AVE,BAINBRIDGE AV / E 206 ST,1793
E 241 ST / CRANFORD AVE,LANE AV / BENSON AV,2907
E 241 ST / CRANFORD AVE,OLMSTEAD AV / SEWARD AV,3253
E 241 ST / CRANFORD AVE,E 149 ST / BERGEN AV,3370
E 241 ST / CRANFORD AVE,LIC,11918
3 AV / E FORDHAM RD,SOUTHERN BL / BOTANICAL GARDENS,897
3 AV / E FORDHAM RD,CO-OP CITY BL / Bartow Av,1910
3 AV / E FORDHAM RD,BROADWAY / W 179 ST,2113
3 AV / E FORDHAM RD,RIVERDALE AV / W 263 ST,2458
3 AV / E FORDHAM RD,KATONAH AV / E 242 ST,1700
3 AV / E FORDHAM RD,E 135 ST / ST ANN S AV,2615
3 AV / E FORDHAM RD,VALENTINE AV / FORDHAM RD,362
3 AV / E FORDHAM RD,SOUNDVIEW AV / CORNELL AV,2340
3 AV / E FORDHAM RD,W 125 ST / 12 AV,3900
3 AV / E FORDHAM RD,W 179 ST / BROADWAY,2040
3 AV / E FORDHAM RD,PENNYFIELD AV / FT SCHUYLER ENT,4175
3 AV / E FORDHAM RD,ST NICHOLAS AV / W 167 ST,2580
3 AV / E FORDHAM RD,WALNUT AV / E 133 ST,2675
3 AV / E FORDHAM RD,W FARMS RD / WESTCHESTER AV,1800
3 AV / E FORDHAM RD,Parking Ramp / Access Rd,2030
3 AV / E FORDHAM RD,BROADWAY / W 262 ST,2578
3 AV / E FORDHAM RD,TREMONT AV / LANE AV,2110
3 AV / E FORDHAM RD,E 136 ST / LINCOLN AV,2400
3 AV / E FORDHAM RD,WEST FARMS RD / HOE AV,1800
3 AV / E FORDHAM RD,RIVERBANK / STATE PARK,3300
3 AV / E FORDHAM RD,ERSKINE PL / EARHART LA,1970
3 AV / E FORDHAM RD,W 135 ST / ST NICHOLAS AV,3000
3 AV / E FORDHAM RD,179 ST / BROADWAY,2117
3 AV / E FORDHAM RD,SOUTHERN BL / WESTCHESTER AV,1869
3 AV / E FORDHAM RD,BAINBRIDGE AV / E 206 ST,738
3 AV / E FORDHAM RD,LANE AV / BENSON AV,2041
3 AV / E FORDHAM RD,OLMSTEAD AV / SEWARD AV,2421
3 AV / E FORDHAM RD,E 149 ST / BERGEN AV,1812
3 AV / E FORDHAM RD,LIC,5736
RIVER AV / E 150 ST,SOUTHERN BL / BOTANICAL GARDENS,3132
RIVER AV / E 150 ST,CO-OP CITY BL / Bartow Av,4399
RIVER AV / E 150 ST,BROADWAY / W 179 ST,1757
RIVER AV / E 150 ST,RIVERDALE AV / W 263 ST,4380
RIVER AV / E 150 ST,KATONAH AV / E 242 ST,4652
RIVER AV / E 150 ST,3 AV / E FORDHAM RD,2532
RIVER AV / E 150 ST,E 135 ST / ST ANN S AV,1392
RIVER AV / E 150 ST,VALENTINE AV / FORDHAM RD,2436
RIVER AV / E 150 ST,SOUNDVIEW AV / CORNELL AV,3132
RIVER AV / E 150 ST,W 125 ST / 12 AV,1706
RIVER AV / E 150 ST,W 179 ST / BROADWAY,1825
RIVER AV / E 150 ST,PENNYFIELD AV / FT SCHUYLER ENT,4392
RIVER AV / E 150 ST,ST NICHOLAS AV / W 167 ST,1402
RIVER AV / E 150 ST,WALNUT AV / E 133 ST,1236
RIVER AV / E 150 ST,W FARMS RD / WESTCHESTER AV,1867
RIVER AV / E 150 ST,Parking Ramp / Access Rd,3912
RIVER AV / E 150 ST,BROADWAY / W 262 ST,4260
RIVER AV / E 150 ST,TREMONT AV / LANE AV,3625
RIVER AV / E 150 ST,E 136 ST / LINCOLN AV,949
RIVER AV / E 150 ST,WEST FARMS RD / HOE AV,1854
RIVER AV / E 150 ST,RIVERBANK / STATE PARK,1188
RIVER AV / E 150 ST,ERSKINE PL / EARHART LA,4452
RIVER AV / E 150 ST,W 135 ST / ST NICHOLAS AV,1252
RIVER AV / E 150 ST,179 ST / BROADWAY,1750
RIVER AV / E 150 ST,SOUTHERN BL / WESTCHESTER AV,1785
RIVER AV / E 150 ST,BAINBRIDGE AV / E 206 ST,2802
RIVER AV / E 150 ST,LANE AV / BENSON AV,3556
RIVER AV / E 150 ST,OLMSTEAD AV / SEWARD AV,2920
RIVER AV / E 150 ST,E 149 ST / BERGEN AV,637
RIVER AV / E 150 ST,LIC,5040
SEDGWICK AV / CEDAR AV,SOUTHERN BL / BOTANICAL GARDENS,2400
SEDGWICK AV / CEDAR AV,CO-OP CITY BL / Bartow Av,3512
SEDGWICK AV / CEDAR AV,BROADWAY / W 179 ST,999
SEDGWICK AV / CEDAR AV,RIVERDALE AV / W 263 ST,2732
SEDGWICK AV / CEDAR AV,KATONAH AV / E 242 ST,3780
SEDGWICK AV / CEDAR AV,3 AV / E FORDHAM RD,1488
SEDGWICK AV / CEDAR AV,E 135 ST / ST ANN S AV,3360
SEDGWICK AV / CEDAR AV,VALENTINE AV / FORDHAM RD,1359
SEDGWICK AV / CEDAR AV,SOUNDVIEW AV / CORNELL AV,3543
SEDGWICK AV / CEDAR AV,W 125 ST / 12 AV,3099
SEDGWICK AV / CEDAR AV,W 179 ST / BROADWAY,1072
SEDGWICK AV / CEDAR AV,PENNYFIELD AV / FT SCHUYLER ENT,4200
SEDGWICK AV / CEDAR AV,ST NICHOLAS AV / W 167 ST,1657
SEDGWICK AV / CEDAR AV,WALNUT AV / E 133 ST,3580
SEDGWICK AV / CEDAR AV,W FARMS RD / WESTCHESTER AV,2919
SEDGWICK AV / CEDAR AV,Parking Ramp / Access Rd,3449
SEDGWICK AV / CEDAR AV,BROADWAY / W 262 ST,2792
SEDGWICK AV / CEDAR AV,TREMONT AV / LANE AV,2995
SEDGWICK AV / CEDAR AV,E 136 ST / LINCOLN AV,2640
SEDGWICK AV / CEDAR AV,WEST FARMS RD / HOE AV,2936
SEDGWICK AV / CEDAR AV,RIVERBANK / STATE PARK,2679
SEDGWICK AV / CEDAR AV,ERSKINE PL / EARHART LA,4020
SEDGWICK AV / CEDAR AV,W 135 ST / ST NICHOLAS AV,2449
SEDGWICK AV / CEDAR AV,179 ST / BROADWAY,1011
SEDGWICK AV / CEDAR AV,SOUTHERN BL / WESTCHESTER AV,2940
SEDGWICK AV / CEDAR AV,BAINBRIDGE AV / E 206 ST,2430
SEDGWICK AV / CEDAR AV,LANE AV / BENSON AV,3014
SEDGWICK AV / CEDAR AV,OLMSTEAD AV / SEWARD AV,3340
SEDGWICK AV / CEDAR AV,E 149 ST / BERGEN AV,2347
SEDGWICK AV / CEDAR AV,LIC,6411
RIVERDALE AV / W 263 ST,SOUTHERN BL / BOTANICAL GARDENS,3060
RIVERDALE AV / W 263 ST,CO-OP CITY BL / Bartow Av,4666
RIVERDALE AV / W 263 ST,BROADWAY / W 179 ST,2610
RIVERDALE AV / W 263 ST,KATONAH AV / E 242 ST,3600
RIVERDALE AV / W 263 ST,3 AV / E FORDHAM RD,2575
RIVERDALE AV / W 263 ST,E 135 ST / ST ANN S AV,5820
RIVERDALE AV / W 263 ST,VALENTINE AV / FORDHAM RD,2459
RIVERDALE AV / W 263 ST,SOUNDVIEW AV / CORNELL AV,5103
RIVERDALE AV / W 263 ST,W 125 ST / 12 AV,4429
RIVERDALE AV / W 263 ST,W 179 ST / BROADWAY,2604
RIVERDALE AV / W 263 ST,PENNYFIELD AV / FT SCHUYLER ENT,5760
RIVERDALE AV / W 263 ST,ST NICHOLAS AV / W 167 ST,2940
RIVERDALE AV / W 263 ST,WALNUT AV / E 133 ST,5940
RIVERDALE AV / W 263 ST,W FARMS RD / WESTCHESTER AV,4579
RIVERDALE AV / W 263 ST,Parking Ramp / Access Rd,4377
RIVERDALE AV / W 263 ST,BROADWAY / W 262 ST,2160
RIVERDALE AV / W 263 ST,TREMONT AV / LANE AV,4200
RIVERDALE AV / W 263 ST,E 136 ST / LINCOLN AV,5040
RIVERDALE AV / W 263 ST,WEST FARMS RD / HOE AV,4567
RIVERDALE AV / W 263 ST,RIVERBANK / STATE PARK,4140
RIVERDALE AV / W 263 ST,ERSKINE PL / EARHART LA,4920
RIVERDALE AV / W 263 ST,W 135 ST / ST NICHOLAS AV,4518
RIVERDALE AV / W 263 ST,179 ST / BROADWAY,2606
RIVERDALE AV / W 263 ST,SOUTHERN BL / WESTCHESTER AV,4500
RIVERDALE AV / W 263 ST,BAINBRIDGE AV / E 206 ST,3033
RIVERDALE AV / W 263 ST,LANE AV / BENSON AV,4274
RIVERDALE AV / W 263 ST,OLMSTEAD AV / SEWARD AV,5220
RIVERDALE AV / W 263 ST,E 149 ST / BERGEN AV,4257
RIVERDALE AV / W 263 ST,LIC,7872
W 135 ST / ST NICHOLAS AV,SOUTHERN BL / BOTANICAL GARDENS,3780
W 135 ST / ST NICHOLAS AV,CO-OP CITY BL / Bartow Av,5146
W 135 ST / ST NICHOLAS AV,BROADWAY / W 179 ST,1499
W 135 ST / ST NICHOLAS AV,RIVERDALE AV / W 263 ST,4234
W 135 ST / ST NICHOLAS AV,KATONAH AV / E 242 ST,5100
W 135 ST / ST NICHOLAS AV,3 AV / E FORDHAM RD,3180
W 135 ST / ST NICHOLAS AV,E 135 ST / ST ANN S AV,1500
W 135 ST / ST NICHOLAS AV,VALENTINE AV / FORDHAM RD,3064
W 135 ST / ST NICHOLAS AV,SOUNDVIEW AV / CORNELL AV,4140
W 135 ST / ST NICHOLAS AV,W 125 ST / 12 AV,1070
W 135 ST / ST NICHOLAS AV,W 179 ST / BROADWAY,1540
W 135 ST / ST NICHOLAS AV,PENNYFIELD AV / FT SCHUYLER ENT,5940
W 135 ST / ST NICHOLAS AV,ST NICHOLAS AV / W 167 ST,1022
W 135 ST / ST NICHOLAS AV,WALNUT AV / E 133 ST,1320
W 135 ST / ST NICHOLAS AV,W FARMS RD / WESTCHESTER AV,2636
W 135 ST / ST NICHOLAS AV,Parking Ramp / Access Rd,5037
W 135 ST / ST NICHOLAS AV,BROADWAY / W 262 ST,4474
W 135 ST / ST NICHOLAS AV,TREMONT AV / LANE AV,4310
W 135 ST / ST NICHOLAS AV,E 136 ST / LINCOLN AV,1020
W 135 ST / ST NICHOLAS AV,WEST FARMS RD / HOE AV,2625
W 135 ST / ST NICHOLAS AV,RIVERBANK / STATE PARK,646
W 135 ST / ST NICHOLAS AV,ERSKINE PL / EARHART LA,5400
W 135 ST / ST NICHOLAS AV,179 ST / BROADWAY,1490
W 135 ST / ST NICHOLAS AV,SOUTHERN BL / WESTCHESTER AV,2609
W 135 ST / ST NICHOLAS AV,BAINBRIDGE AV / E 206 ST,3450
W 135 ST / ST NICHOLAS AV,LANE AV / BENSON AV,4241
W 135 ST / ST NICHOLAS AV,OLMSTEAD AV / SEWARD AV,4200
W 135 ST / ST NICHOLAS AV,E 149 ST / BERGEN AV,1410
W 135 ST / ST NICHOLAS AV,LIC,3962
E 206 ST / BAINBRIDGE AV,SOUTHERN BL / BOTANICAL GARDENS,1916
E 206 ST / BAINBRIDGE AV,CO-OP CITY BL / Bartow Av,2070
E 206 ST / BAINBRIDGE AV,BROADWAY / W 179 ST,2870
E 206 ST / BAINBRIDGE AV,RIVERDALE AV / W 263 ST,2390
E 206 ST / BAINBRIDGE AV,KATONAH AV / E 242 ST,899
E 206 ST / BAINBRIDGE AV,3 AV / E FORDHAM RD,1117
E 206 ST / BAINBRIDGE AV,E 135 ST / ST ANN S AV,3838
E 206 ST / BAINBRIDGE AV,VALENTINE AV / FORDHAM RD,776
E 206 ST / BAINBRIDGE AV,SOUNDVIEW AV / CORNELL AV,4027
E 206 ST / BAINBRIDGE AV,W 125 ST / 12 AV,4660
E 206 ST / BAINBRIDGE AV,W 179 ST / BROADWAY,2943
E 206 ST / BAINBRIDGE AV,PENNYFIELD AV / FT SCHUYLER ENT,3964
E 206 ST / BAINBRIDGE AV,ST NICHOLAS AV / W 167 ST,3890
E 206 ST / BAINBRIDGE AV,WALNUT AV / E 133 ST,4016
E 206 ST / BAINBRIDGE AV,W FARMS RD / WESTCHESTER AV,2413
E 206 ST / BAINBRIDGE AV,Parking Ramp / Access Rd,2279
E 206 ST / BAINBRIDGE AV,BROADWAY / W 262 ST,2090
E 206 ST / BAINBRIDGE AV,TREMONT AV / LANE AV,2644
E 206 ST / BAINBRIDGE AV,E 136 ST / LINCOLN AV,3176
E 206 ST / BAINBRIDGE AV,WEST FARMS RD / HOE AV,2396
E 206 ST / BAINBRIDGE AV,RIVERBANK / STATE PARK,3896
E 206 ST / BAINBRIDGE AV,ERSKINE PL / EARHART LA,2399
E 206 ST / BAINBRIDGE AV,W 135 ST / ST NICHOLAS AV,4380
E 206 ST / BAINBRIDGE AV,179 ST / BROADWAY,2882
E 206 ST / BAINBRIDGE AV,SOUTHERN BL / WESTCHESTER AV,2465
E 206 ST / BAINBRIDGE AV,BAINBRIDGE AV / E 206 ST,356
E 206 ST / BAINBRIDGE AV,LANE AV / BENSON AV,2718
E 206 ST / BAINBRIDGE AV,OLMSTEAD AV / SEWARD AV,3362
E 206 ST / BAINBRIDGE AV,E 149 ST / BERGEN AV,2393
E 206 ST / BAINBRIDGE AV,LIC,7510
W 179 ST / BROADWAY,SOUTHERN BL / BOTANICAL GARDENS,2971
W 179 ST / BROADWAY,CO-OP CITY BL / Bartow Av,4071
W 179 ST / BROADWAY,BROADWAY / W 179 ST,12
W 179 ST / BROADWAY,RIVERDALE AV / W 263 ST,2579
W 179 ST / BROADWAY,KATONAH AV / E 242 ST,3644
W 179 ST / BROADWAY,3 AV / E FORDHAM RD,1980
W 179 ST / BROADWAY,E 135 ST / ST ANN S AV,3376
W 179 ST / BROADWAY,VALENTINE AV / FORDHAM RD,1851
W 179 ST / BROADWAY,SOUNDVIEW AV / CORNELL AV,3856
W 179 ST / BROADWAY,W 125 ST / 12 AV,1879
W 179 ST / BROADWAY,PENNYFIELD AV / FT SCHUYLER ENT,4964
W 179 ST / BROADWAY,ST NICHOLAS AV / W 167 ST,472
W 179 ST / BROADWAY,WALNUT AV / E 133 ST,2716
W 179 ST / BROADWAY,W FARMS RD / WESTCHESTER AV,2236
W 179 ST / BROADWAY,Parking Ramp / Access Rd,3941
W 179 ST / BROADWAY,BROADWAY / W 262 ST,2699
W 179 ST / BROADWAY,TREMONT AV / LANE AV,3746
W 179 ST / BROADWAY,E 136 ST / LINCOLN AV,1936
W 179 ST / BROADWAY,WEST FARMS RD / HOE AV,2253
W 179 ST / BROADWAY,RIVERBANK / STATE PARK,1469
W 179 ST / BROADWAY,ERSKINE PL / EARHART LA,4531
W 179 ST / BROADWAY,W 135 ST / ST NICHOLAS AV,1556
W 179 ST / BROADWAY,SOUTHERN BL / WESTCHESTER AV,2318
W 179 ST / BROADWAY,BAINBRIDGE AV / E 206 ST,2816
W 179 ST / BROADWAY,LANE AV / BENSON AV,3736
W 179 ST / BROADWAY,OLMSTEAD AV / SEWARD AV,3931
W 179 ST / BROADWAY,E 149 ST / BERGEN AV,2323
W 179 ST / BROADWAY,LIC,5001
SOUTHERN BL / WESTCHESTER AV,SOUTHERN BL / BOTANICAL GARDENS,1408
SOUTHERN BL / WESTCHESTER AV,CO-OP CITY BL / Bartow Av,3003
SOUTHERN BL / WESTCHESTER AV,BROADWAY / W 179 ST,2394
SOUTHERN BL / WESTCHESTER AV,RIVERDALE AV / W 263 ST,3988
SOUTHERN BL / WESTCHESTER AV,KATONAH AV / E 242 ST,3868
SOUTHERN BL / WESTCHESTER AV,3 AV / E FORDHAM RD,1673
SOUTHERN BL / WESTCHESTER AV,E 135 ST / ST ANN S AV,1488
SOUTHERN BL / WESTCHESTER AV,VALENTINE AV / FORDHAM RD,1715
SOUTHERN BL / WESTCHESTER AV,SOUNDVIEW AV / CORNELL AV,1591
SOUTHERN BL / WESTCHESTER AV,W 125 ST / 12 AV,3000
SOUTHERN BL / WESTCHESTER AV,W 179 ST / BROADWAY,2462
SOUTHERN BL / WESTCHESTER AV,PENNYFIELD AV / FT SCHUYLER ENT,2756
SOUTHERN BL / WESTCHESTER AV,ST NICHOLAS AV / W 167 ST,2312
SOUTHERN BL / WESTCHESTER AV,WALNUT AV / E 133 ST,1788
SOUTHERN BL / WESTCHESTER AV,W FARMS RD / WESTCHESTER AV,190
SOUTHERN BL / WESTCHESTER AV,Parking Ramp / Access Rd,2396
SOUTHERN BL / WESTCHESTER AV,BROADWAY / W 262 ST,4348
SOUTHERN BL / WESTCHESTER AV,TREMONT AV / LANE AV,2048
SOUTHERN BL / WESTCHESTER AV,E 136 ST / LINCOLN AV,1848
SOUTHERN BL / WESTCHESTER AV,WEST FARMS RD / HOE AV,179
SOUTHERN BL / WESTCHESTER AV,RIVERBANK / STATE PARK,2568
SOUTHERN BL / WESTCHESTER AV,ERSKINE PL / EARHART LA,2876
SOUTHERN BL / WESTCHESTER AV,W 135 ST / ST NICHOLAS AV,2414
SOUTHERN BL / WESTCHESTER AV,179 ST / BROADWAY,2387
SOUTHERN BL / WESTCHESTER AV,BAINBRIDGE AV / E 206 ST,2518
SOUTHERN BL / WESTCHESTER AV,LANE AV / BENSON AV,1979
SOUTHERN BL / WESTCHESTER AV,OLMSTEAD AV / SEWARD AV,1436
SOUTHERN BL / WESTCHESTER AV,E 149 ST / BERGEN AV,837
SOUTHERN BL / WESTCHESTER AV,LIC,5313
E TREMONT AV / E 177 ST,SOUTHERN BL / BOTANICAL GARDENS,1200
E TREMONT AV / E 177 ST,CO-OP CITY BL / Bartow Av,2894
E TREMONT AV / E 177 ST,BROADWAY / W 179 ST,2563
E TREMONT AV / E 177 ST,RIVERDALE AV / W 263 ST,3780
E TREMONT AV / E 177 ST,KATONAH AV / E 242 ST,3688
E TREMONT AV / E 177 ST,3 AV / E FORDHAM RD,1216
E TREMONT AV / E 177 ST,E 135 ST / ST ANN S AV,2644
E TREMONT AV / E 177 ST,VALENTINE AV / FORDHAM RD,1667
E TREMONT AV / E 177 ST,SOUNDVIEW AV / CORNELL AV,1379
E TREMONT AV / E 177 ST,W 125 ST / 12 AV,3604
E TREMONT AV / E 177 ST,W 179 ST / BROADWAY,2490
E TREMONT AV / E 177 ST,PENNYFIELD AV / FT SCHUYLER ENT,2308
E TREMONT AV / E 177 ST,ST NICHOLAS AV / W 167 ST,2726
E TREMONT AV / E 177 ST,WALNUT AV / E 133 ST,2704
E TREMONT AV / E 177 ST,W FARMS RD / WESTCHESTER AV,1504
E TREMONT AV / E 177 ST,Parking Ramp / Access Rd,1796
E TREMONT AV / E 177 ST,BROADWAY / W 262 ST,3720
E TREMONT AV / E 177 ST,TREMONT AV / LANE AV,1103
E TREMONT AV / E 177 ST,E 136 ST / LINCOLN AV,1924
E TREMONT AV / E 177 ST,WEST FARMS RD / HOE AV,1504
E TREMONT AV / E 177 ST,RIVERBANK / STATE PARK,3484
E TREMONT AV / E 177 ST,ERSKINE PL / EARHART LA,3148
E TREMONT AV / E 177 ST,W 135 ST / ST NICHOLAS AV,2704
E TREMONT AV / E 177 ST,179 ST / BROADWAY,2567
E TREMONT AV / E 177 ST,SOUTHERN BL / WESTCHESTER AV,1573
E TREMONT AV / E 177 ST,BAINBRIDGE AV / E 206 ST,1945
E TREMONT AV / E 177 ST,LANE AV / BENSON AV,1122
E TREMONT AV / E 177 ST,OLMSTEAD AV / SEWARD AV,956
E TREMONT AV / E 177 ST,E 149 ST / BERGEN AV,1636
E TREMONT AV / E 177 ST,LIC,5440
CASTLE HILL AV / NORTON AV,SOUTHERN BL / BOTANICAL GARDENS,2700
CASTLE HILL AV / NORTON AV,CO-OP CITY BL / Bartow Av,2460
CASTLE HILL AV / NORTON AV,BROADWAY / W 179 ST,3853
CASTLE HILL AV / NORTON AV,RIVERDALE AV / W 263 ST,5220
CASTLE HILL AV / NORTON AV,KATONAH AV / E 242 ST,4020
CASTLE HILL AV / NORTON AV,3 AV / E FORDHAM RD,2476
CASTLE HILL AV / NORTON AV,E 135 ST / ST ANN S AV,3660
CASTLE HILL AV / NORTON AV,VALENTINE AV / FORDHAM RD,2640
CASTLE HILL AV / NORTON AV,SOUNDVIEW AV / CORNELL AV,1803
CASTLE HILL AV / NORTON AV,W 125 ST / 12 AV,4609
CASTLE HILL AV / NORTON AV,W 179 ST / BROADWAY,3780
CASTLE HILL AV / NORTON AV,PENNYFIELD AV / FT SCHUYLER ENT,2160
CASTLE HILL AV / NORTON AV,ST NICHOLAS AV / W 167 ST,3939
CASTLE HILL AV / NORTON AV,WALNUT AV / E 133 ST,4800
CASTLE HILL AV / NORTON AV,W FARMS RD / WESTCHESTER AV,2062
CASTLE HILL AV / NORTON AV,Parking Ramp / Access Rd,1980
CASTLE HILL AV / NORTON AV,BROADWAY / W 262 ST,4920
CASTLE HILL AV / NORTON AV,TREMONT AV / LANE AV,1274
CASTLE HILL AV / NORTON AV,E 136 ST / LINCOLN AV,3960
CASTLE HILL AV / NORTON AV,WEST FARMS RD / HOE AV,2049
CASTLE HILL AV / NORTON AV,RIVERBANK / STATE PARK,4500
CASTLE HILL AV / NORTON AV,ERSKINE PL / EARHART LA,2520
CASTLE HILL AV / NORTON AV,W 135 ST / ST NICHOLAS AV,4024
CASTLE HILL AV / NORTON AV,179 ST / BROADWAY,3857
CASTLE HILL AV / NORTON AV,SOUTHERN BL / WESTCHESTER AV,1980
CASTLE HILL AV / NORTON AV,BAINBRIDGE AV / E 206 ST,3450
CASTLE HILL AV / NORTON AV,LANE AV / BENSON AV,1200
CASTLE HILL AV / NORTON AV,OLMSTEAD AV / SEWARD AV,379
CASTLE HILL AV / NORTON AV,E 149 ST / BERGEN AV,3240
RIVERDALE AV / W 231 ST,SOUTHERN BL / BOTANICAL GARDENS,2827
RIVERDALE AV / W 231 ST,CO-OP CITY BL / Bartow Av,3217
RIVERDALE AV / W 231 ST,BROADWAY / W 179 ST,1873
RIVERDALE AV / W 231 ST,RIVERDALE AV / W 263 ST,735
RIVERDALE AV / W 231 ST,KATONAH AV / E 242 ST,2871
RIVERDALE AV / W 231 ST,3 AV / E FORDHAM RD,1897
RIVERDALE AV / W 231 ST,E 135 ST / ST ANN S AV,4687
RIVERDALE AV / W 231 ST,VALENTINE AV / FORDHAM RD,1744
RIVERDALE AV / W 231 ST,SOUNDVIEW AV / CORNELL AV,4150
RIVERDALE AV / W 231 ST,W 125 ST / 12 AV,3573
RIVERDALE AV / W 231 ST,W 179 ST / BROADWAY,1867
RIVERDALE AV / W 231 ST,PENNYFIELD AV / FT SCHUYLER ENT,5527
RIVERDALE AV / W 231 ST,ST NICHOLAS AV / W 167 ST,2203
RIVERDALE AV / W 231 ST,WALNUT AV / E 133 ST,5071
RIVERDALE AV / W 231 ST,W FARMS RD / WESTCHESTER AV,3626
RIVERDALE AV / W 231 ST,Parking Ramp / Access Rd,4000
RIVERDALE AV / W 231 ST,BROADWAY / W 262 ST,1331
RIVERDALE AV / W 231 ST,TREMONT AV / LANE AV,3531
RIVERDALE AV / W 231 ST,E 136 ST / LINCOLN AV,3991
RIVERDALE AV / W 231 ST,WEST FARMS RD / HOE AV,3614
RIVERDALE AV / W 231 ST,RIVERBANK / STATE PARK,3043
RIVERDALE AV / W 231 ST,ERSKINE PL / EARHART LA,3471
RIVERDALE AV / W 231 ST,W 135 ST / ST NICHOLAS AV,3647
RIVERDALE AV / W 231 ST,179 ST / BROADWAY,1869
RIVERDALE AV / W 231 ST,SOUTHERN BL / WESTCHESTER AV,3547
RIVERDALE AV / W 231 ST,BAINBRIDGE AV / E 206 ST,1464
RIVERDALE AV / W 231 ST,LANE AV / BENSON AV,3605
RIVERDALE AV / W 231 ST,OLMSTEAD AV / SEWARD AV,4387
RIVERDALE AV / W 231 ST,E 149 ST / BERGEN AV,3634
RIVERDALE AV / W 231 ST,LIC,7135
SOUTHERN BL / BOTANICAL GARDENS,CO-OP CITY BL / Bartow Av,1959
SOUTHERN BL / BOTANICAL GARDENS,BROADWAY / W 179 ST,2286
SOUTHERN BL / BOTANICAL GARDENS,RIVERDALE AV / W 263 ST,3006
SOUTHERN BL / BOTANICAL GARDENS,KATONAH AV / E 242 ST,2498
SOUTHERN BL / BOTANICAL GARDENS,3 AV / E FORDHAM RD,474
SOUTHERN BL / BOTANICAL GARDENS,E 135 ST / ST ANN S AV,2697
SOUTHERN BL / BOTANICAL GARDENS,VALENTINE AV / FORDHAM RD,638
SOUTHERN BL / BOTANICAL GARDENS,SOUNDVIEW AV / CORNELL AV,2446
SOUTHERN BL / BOTANICAL GARDENS,W 125 ST / 12 AV,4718
SOUTHERN BL / BOTANICAL GARDENS,W 179 ST / BROADWAY,2359
SOUTHERN BL / BOTANICAL GARDENS,PENNYFIELD AV / FT SCHUYLER ENT,3480
SOUTHERN BL / BOTANICAL GARDENS,ST NICHOLAS AV / W 167 ST,2766
SOUTHERN BL / BOTANICAL GARDENS,WALNUT AV / E 133 ST,2757
SOUTHERN BL / BOTANICAL GARDENS,W FARMS RD / WESTCHESTER AV,1579
SOUTHERN BL / BOTANICAL GARDENS,Parking Ramp / Access Rd,1776
SOUTHERN BL / BOTANICAL GARDENS,BROADWAY / W 262 ST,3066
SOUTHERN BL / BOTANICAL GARDENS,TREMONT AV / LANE AV,2216
SOUTHERN BL / BOTANICAL GARDENS,E 136 ST / LINCOLN AV,2700
SOUTHERN BL / BOTANICAL GARDENS,WEST FARMS RD / HOE AV,1567
SOUTHERN BL / BOTANICAL GARDENS,RIVERBANK / STATE PARK,4080
SOUTHERN BL / BOTANICAL GARDENS,ERSKINE PL / EARHART LA,2019
SOUTHERN BL / BOTANICAL GARDENS,W 135 ST / ST NICHOLAS AV,3781
SOUTHERN BL / BOTANICAL GARDENS,179 ST / BROADWAY,2298
SOUTHERN BL / BOTANICAL GARDENS,SOUTHERN BL / WESTCHESTER AV,1500
SOUTHERN BL / BOTANICAL GARDENS,BAINBRIDGE AV / E 206 ST,1208
SOUTHERN BL / BOTANICAL GARDENS,LANE AV / BENSON AV,2147
SOUTHERN BL / BOTANICAL GARDENS,OLMSTEAD AV / SEWARD AV,2527
SOUTHERN BL / BOTANICAL GARDENS,E 149 ST / BERGEN AV,2075
SOUTHERN BL / BOTANICAL GARDENS,LIC,6950
VALENTINE AV / E 192 ST,SOUTHERN BL / BOTANICAL GARDENS,944
VALENTINE AV / E 192 ST,CO-OP CITY BL / Bartow Av,2214
VALENTINE AV / E 192 ST,BROADWAY / W 179 ST,2013
VALENTINE AV / E 192 ST,RIVERDALE AV / W 263 ST,2111
VALENTINE AV / E 192 ST,KATONAH AV / E 242 ST,1712
VALENTINE AV / E 192 ST,3 AV / E FORDHAM RD,367
VALENTINE AV / E 192 ST,E 135 ST / ST ANN S AV,3104
VALENTINE AV / E 192 ST,VALENTINE AV / FORDHAM RD,145
VALENTINE AV / E 192 ST,SOUNDVIEW AV / CORNELL AV,2715
VALENTINE AV / E 192 ST,W 125 ST / 12 AV,4271
VALENTINE AV / E 192 ST,W 179 ST / BROADWAY,1940
VALENTINE AV / E 192 ST,PENNYFIELD AV / FT SCHUYLER ENT,3834
VALENTINE AV / E 192 ST,ST NICHOLAS AV / W 167 ST,3011
VALENTINE AV / E 192 ST,WALNUT AV / E 133 ST,3254
VALENTINE AV / E 192 ST,W FARMS RD / WESTCHESTER AV,1917
VALENTINE AV / E 192 ST,Parking Ramp / Access Rd,2031
VALENTINE AV / E 192 ST,BROADWAY / W 262 ST,2231
VALENTINE AV / E 192 ST,TREMONT AV / LANE AV,2240
VALENTINE AV / E 192 ST,E 136 ST / LINCOLN AV,2420
VALENTINE AV / E 192 ST,WEST FARMS RD / HOE AV,1900
VALENTINE AV / E 192 ST,RIVERBANK / STATE PARK,3280
VALENTINE AV / E 192 ST,ERSKINE PL / EARHART LA,2274
VALENTINE AV / E 192 ST,W 135 ST / ST NICHOLAS AV,3603
VALENTINE AV / E 192 ST,179 ST / BROADWAY,2017
VALENTINE AV / E 192 ST,SOUTHERN BL / WESTCHESTER AV,1969
VALENTINE AV / E 192 ST,BAINBRIDGE AV / E 206 ST,908
VALENTINE AV / E 192 ST,LANE AV / BENSON AV,2275
VALENTINE AV / E 192 ST,OLMSTEAD AV / SEWARD AV,2864
VALENTINE AV / E 192 ST,E 149 ST / BERGEN AV,1777
VALENTINE AV / E 192 ST,LIC,6143
WALNUT AV / E 133 ST,SOUTHERN BL / BOTANICAL GARDENS,3780
WALNUT AV / E 133 ST,CO-OP CITY BL / Bartow Av,5146
WALNUT AV / E 133 ST,BROADWAY / W 179 ST,3025
WALNUT AV / E 133 ST,RIVERDALE AV / W 263 ST,5820
WALNUT AV / E 133 ST,KATONAH AV / E 242 ST,5100
WALNUT AV / E 133 ST,3 AV / E FORDHAM RD,3180
WALNUT AV / E 133 ST,E 135 ST / ST ANN S AV,780
WALNUT AV / E 133 ST,VALENTINE AV / FORDHAM RD,3784
WALNUT AV / E 133 ST,SOUNDVIEW AV / CORNELL AV,4140
WALNUT AV / E 133 ST,W 125 ST / 12 AV,2580
WALNUT AV / E 133 ST,W 179 ST / BROADWAY,3066
WALNUT AV / E 133 ST,PENNYFIELD AV / FT SCHUYLER ENT,5940
WALNUT AV / E 133 ST,ST NICHOLAS AV / W 167 ST,2362
WALNUT AV / E 133 ST,W FARMS RD / WESTCHESTER AV,2520
WALNUT AV / E 133 ST,Parking Ramp / Access Rd,5037
WALNUT AV / E 133 ST,BROADWAY / W 262 ST,5880
WALNUT AV / E 133 ST,TREMONT AV / LANE AV,4310
WALNUT AV / E 133 ST,E 136 ST / LINCOLN AV,1020
WALNUT AV / E 133 ST,WEST FARMS RD / HOE AV,2502
WALNUT AV / E 133 ST,RIVERBANK / STATE PARK,1980
WALNUT AV / E 133 ST,ERSKINE PL / EARHART LA,5400
WALNUT AV / E 133 ST,W 135 ST / ST NICHOLAS AV,1200
WALNUT AV / E 133 ST,179 ST / BROADWAY,3016
WALNUT AV / E 133 ST,SOUTHERN BL / WESTCHESTER AV,2433
WALNUT AV / E 133 ST,BAINBRIDGE AV / E 206 ST,3450
WALNUT AV / E 133 ST,LANE AV / BENSON AV,4241
WALNUT AV / E 133 ST,OLMSTEAD AV / SEWARD AV,4200
WALNUT AV / E 133 ST,E 149 ST / BERGEN AV,1410
WALNUT AV / E 133 ST,LIC,5412
W FARMS RD / WESTCHESTER AV,SOUTHERN BL / BOTANICAL GARDENS,1394
W FARMS RD / WESTCHESTER AV,CO-OP CITY BL / Bartow Av,3129
W FARMS RD / WESTCHESTER AV,BROADWAY / W 179 ST,2240
W FARMS RD / WESTCHESTER AV,RIVERDALE AV / W 263 ST,3974
W FARMS RD / WESTCHESTER AV,KATONAH AV / E 242 ST,3854
W FARMS RD / WESTCHESTER AV,3 AV / E FORDHAM RD,1659
W FARMS RD / WESTCHESTER AV,E 135 ST / ST ANN S AV,1700
W FARMS RD / WESTCHESTER AV,VALENTINE AV / FORDHAM RD,1701
W FARMS RD / WESTCHESTER AV,SOUNDVIEW AV / CORNELL AV,1453
W FARMS RD / WESTCHESTER AV,W 125 ST / 12 AV,2910
W FARMS RD / WESTCHESTER AV,W 179 ST / BROADWAY,2773
W FARMS RD / WESTCHESTER AV,PENNYFIELD AV / FT SCHUYLER ENT,2882
W FARMS RD / WESTCHESTER AV,ST NICHOLAS AV / W 167 ST,2257
W FARMS RD / WESTCHESTER AV,WALNUT AV / E 133 ST,2340
W FARMS RD / WESTCHESTER AV,Parking Ramp / Access Rd,2522
W FARMS RD / WESTCHESTER AV,BROADWAY / W 262 ST,4334
W FARMS RD / WESTCHESTER AV,TREMONT AV / LANE AV,1894
W FARMS RD / WESTCHESTER AV,E 136 ST / LINCOLN AV,1560
W FARMS RD / WESTCHESTER AV,WEST FARMS RD / HOE AV,28
W FARMS RD / WESTCHESTER AV,RIVERBANK / STATE PARK,2660
W FARMS RD / WESTCHESTER AV,ERSKINE PL / EARHART LA,3002
W FARMS RD / WESTCHESTER AV,W 135 ST / ST NICHOLAS AV,2564
W FARMS RD / WESTCHESTER AV,179 ST / BROADWAY,2233
W FARMS RD / WESTCHESTER AV,SOUTHERN BL / WESTCHESTER AV,47
W FARMS RD / WESTCHESTER AV,BAINBRIDGE AV / E 206 ST,2623
W FARMS RD / WESTCHESTER AV,LANE AV / BENSON AV,1825
W FARMS RD / WESTCHESTER AV,OLMSTEAD AV / SEWARD AV,1562
W FARMS RD / WESTCHESTER AV,E 149 ST / BERGEN AV,847
W FARMS RD / WESTCHESTER AV,LIC,5323
PARKING RAMP / ACCESS RD,SOUTHERN BL / BOTANICAL GARDENS,2398
PARKING RAMP / ACCESS RD,CO-OP CITY BL / Bartow Av,150
PARKING RAMP / ACCESS RD,BROADWAY / W 179 ST,4078
PARKING RAMP / ACCESS RD,RIVERDALE AV / W 263 ST,4858
PARKING RAMP / ACCESS RD,KATONAH AV / E 242 ST,2904
PARKING RAMP / ACCESS RD,3 AV / E FORDHAM RD,2423
PARKING RAMP / ACCESS RD,E 135 ST / ST ANN S AV,3840
PARKING RAMP / ACCESS RD,VALENTINE AV / FORDHAM RD,2465
PARKING RAMP / ACCESS RD,SOUNDVIEW AV / CORNELL AV,2583
PARKING RAMP / ACCESS RD,W 125 ST / 12 AV,5330
PARKING RAMP / ACCESS RD,W 179 ST / BROADWAY,4151
PARKING RAMP / ACCESS RD,PENNYFIELD AV / FT SCHUYLER ENT,2520
PARKING RAMP / ACCESS RD,ST NICHOLAS AV / W 167 ST,4678
PARKING RAMP / ACCESS RD,WALNUT AV / E 133 ST,4260
PARKING RAMP / ACCESS RD,W FARMS RD / WESTCHESTER AV,2962
PARKING RAMP / ACCESS RD,Parking Ramp / Access Rd,36
PARKING RAMP / ACCESS RD,BROADWAY / W 262 ST,4978
PARKING RAMP / ACCESS RD,TREMONT AV / LANE AV,1905
PARKING RAMP / ACCESS RD,E 136 ST / LINCOLN AV,4260
PARKING RAMP / ACCESS RD,WEST FARMS RD / HOE AV,2949
PARKING RAMP / ACCESS RD,RIVERBANK / STATE PARK,5280
PARKING RAMP / ACCESS RD,ERSKINE PL / EARHART LA,348
PARKING RAMP / ACCESS RD,W 135 ST / ST NICHOLAS AV,5384
PARKING RAMP / ACCESS RD,179 ST / BROADWAY,4090
PARKING RAMP / ACCESS RD,SOUTHERN BL / WESTCHESTER AV,2880
PARKING RAMP / ACCESS RD,BAINBRIDGE AV / E 206 ST,2656
PARKING RAMP / ACCESS RD,LANE AV / BENSON AV,1938
PARKING RAMP / ACCESS RD,OLMSTEAD AV / SEWARD AV,1803
PARKING RAMP / ACCESS RD,E 149 ST / BERGEN AV,3420
PARKING RAMP / ACCESS RD,LIC,8590
EARHART LA / ERSKINE PL,SOUTHERN BL / BOTANICAL GARDENS,2673
EARHART LA / ERSKINE PL,CO-OP CITY BL / Bartow Av,532
EARHART LA / ERSKINE PL,BROADWAY / W 179 ST,3873
EARHART LA / ERSKINE PL,RIVERDALE AV / W 263 ST,4653
EARHART LA / ERSKINE PL,KATONAH AV / E 242 ST,2760
EARHART LA / ERSKINE PL,3 AV / E FORDHAM RD,2218
EARHART LA / ERSKINE PL,E 135 ST / ST ANN S AV,4533
EARHART LA / ERSKINE PL,VALENTINE AV / FORDHAM RD,2260
EARHART LA / ERSKINE PL,SOUNDVIEW AV / CORNELL AV,2556
EARHART LA / ERSKINE PL,W 125 ST / 12 AV,6153
EARHART LA / ERSKINE PL,W 179 ST / BROADWAY,3946
EARHART LA / ERSKINE PL,PENNYFIELD AV / FT SCHUYLER ENT,2493
EARHART LA / ERSKINE PL,ST NICHOLAS AV / W 167 ST,4473
EARHART LA / ERSKINE PL,WALNUT AV / E 133 ST,6033
EARHART LA / ERSKINE PL,W FARMS RD / WESTCHESTER AV,2935
EARHART LA / ERSKINE PL,Parking Ramp / Access Rd,342
EARHART LA / ERSKINE PL,BROADWAY / W 262 ST,4380
EARHART LA / ERSKINE PL,TREMONT AV / LANE AV,2256
EARHART LA / ERSKINE PL,E 136 ST / LINCOLN AV,4653
EARHART LA / ERSKINE PL,WEST FARMS RD / HOE AV,2922
EARHART LA / ERSKINE PL,RIVERBANK / STATE PARK,5253
EARHART LA / ERSKINE PL,ERSKINE PL / EARHART LA,28
EARHART LA / ERSKINE PL,W 135 ST / ST NICHOLAS AV,5357
EARHART LA / ERSKINE PL,179 ST / BROADWAY,3885
EARHART LA / ERSKINE PL,SOUTHERN BL / WESTCHESTER AV,2853
EARHART LA / ERSKINE PL,BAINBRIDGE AV / E 206 ST,2529
EARHART LA / ERSKINE PL,LANE AV / BENSON AV,2283
EARHART LA / ERSKINE PL,OLMSTEAD AV / SEWARD AV,1776
EARHART LA / ERSKINE PL,E 149 ST / BERGEN AV,3393
BAY PZ / BARTOW AV,SOUTHERN BL / BOTANICAL GARDENS,2469
BAY PZ / BARTOW AV,CO-OP CITY BL / Bartow Av,180
BAY PZ / BARTOW AV,BROADWAY / W 179 ST,4149
BAY PZ / BARTOW AV,RIVERDALE AV / W 263 ST,4929
BAY PZ / BARTOW AV,KATONAH AV / E 242 ST,2722
BAY PZ / BARTOW AV,3 AV / E FORDHAM RD,2494
BAY PZ / BARTOW AV,E 135 ST / ST ANN S AV,3962
BAY PZ / BARTOW AV,VALENTINE AV / FORDHAM RD,2536
BAY PZ / BARTOW AV,SOUNDVIEW AV / CORNELL AV,2705
BAY PZ / BARTOW AV,W 125 ST / 12 AV,5452
BAY PZ / BARTOW AV,W 179 ST / BROADWAY,4222
BAY PZ / BARTOW AV,PENNYFIELD AV / FT SCHUYLER ENT,2642
BAY PZ / BARTOW AV,ST NICHOLAS AV / W 167 ST,4749
BAY PZ / BARTOW AV,WALNUT AV / E 133 ST,4382
BAY PZ / BARTOW AV,W FARMS RD / WESTCHESTER AV,3084
BAY PZ / BARTOW AV,Parking Ramp / Access Rd,242
BAY PZ / BARTOW AV,BROADWAY / W 262 ST,5049
BAY PZ / BARTOW AV,TREMONT AV / LANE AV,2027
BAY PZ / BARTOW AV,E 136 ST / LINCOLN AV,4382
BAY PZ / BARTOW AV,WEST FARMS RD / HOE AV,3071
BAY PZ / BARTOW AV,RIVERBANK / STATE PARK,5402
BAY PZ / BARTOW AV,ERSKINE PL / EARHART LA,295
BAY PZ / BARTOW AV,W 135 ST / ST NICHOLAS AV,5506
BAY PZ / BARTOW AV,179 ST / BROADWAY,4161
BAY PZ / BARTOW AV,SOUTHERN BL / WESTCHESTER AV,3002
BAY PZ / BARTOW AV,BAINBRIDGE AV / E 206 ST,2458
BAY PZ / BARTOW AV,LANE AV / BENSON AV,2060
BAY PZ / BARTOW AV,OLMSTEAD AV / SEWARD AV,1925
BAY PZ / BARTOW AV,E 149 ST / BERGEN AV,3542
BAY PZ / BARTOW AV,LIC,8661
WESTCHESTER AV / LANE  AV,SOUTHERN BL / BOTANICAL GARDENS,2557
WESTCHESTER AV / LANE  AV,CO-OP CITY BL / Bartow Av,1996
WESTCHESTER AV / LANE  AV,BROADWAY / W 179 ST,3710
WESTCHESTER AV / LANE  AV,RIVERDALE AV / W 263 ST,4366
WESTCHESTER AV / LANE  AV,KATONAH AV / E 242 ST,2615
WESTCHESTER AV / LANE  AV,3 AV / E FORDHAM RD,2333
WESTCHESTER AV / LANE  AV,E 135 ST / ST ANN S AV,2834
WESTCHESTER AV / LANE  AV,VALENTINE AV / FORDHAM RD,2497
WESTCHESTER AV / LANE  AV,SOUNDVIEW AV / CORNELL AV,1697
WESTCHESTER AV / LANE  AV,W 125 ST / 12 AV,4740
WESTCHESTER AV / LANE  AV,W 179 ST / BROADWAY,3637
WESTCHESTER AV / LANE  AV,PENNYFIELD AV / FT SCHUYLER ENT,1351
WESTCHESTER AV / LANE  AV,ST NICHOLAS AV / W 167 ST,4194
WESTCHESTER AV / LANE  AV,WALNUT AV / E 133 ST,4020
WESTCHESTER AV / LANE  AV,W FARMS RD / WESTCHESTER AV,1768
WESTCHESTER AV / LANE  AV,Parking Ramp / Access Rd,1516
WESTCHESTER AV / LANE  AV,BROADWAY / W 262 ST,4777
WESTCHESTER AV / LANE  AV,TREMONT AV / LANE AV,100
WESTCHESTER AV / LANE  AV,E 136 ST / LINCOLN AV,3180
WESTCHESTER AV / LANE  AV,WEST FARMS RD / HOE AV,1777
WESTCHESTER AV / LANE  AV,RIVERBANK / STATE PARK,4274
WESTCHESTER AV / LANE  AV,ERSKINE PL / EARHART LA,1816
WESTCHESTER AV / LANE  AV,W 135 ST / ST NICHOLAS AV,4020
WESTCHESTER AV / LANE  AV,179 ST / BROADWAY,3714
WESTCHESTER AV / LANE  AV,SOUTHERN BL / WESTCHESTER AV,1828
WESTCHESTER AV / LANE  AV,BAINBRIDGE AV / E 206 ST,3307
WESTCHESTER AV / LANE  AV,LANE AV / BENSON AV,29
WESTCHESTER AV / LANE  AV,OLMSTEAD AV / SEWARD AV,1414
WESTCHESTER AV / LANE  AV,E 149 ST / BERGEN AV,2414
WESTCHESTER AV / LANE  AV,LIC,7272
RANDALL AV / OLMSTEAD AV,SOUTHERN BL / BOTANICAL GARDENS,2880
RANDALL AV / OLMSTEAD AV,CO-OP CITY BL / Bartow Av,1983
RANDALL AV / OLMSTEAD AV,BROADWAY / W 179 ST,4093
RANDALL AV / OLMSTEAD AV,RIVERDALE AV / W 263 ST,4918
RANDALL AV / OLMSTEAD AV,KATONAH AV / E 242 ST,3898
RANDALL AV / OLMSTEAD AV,3 AV / E FORDHAM RD,2820
RANDALL AV / OLMSTEAD AV,E 135 ST / ST ANN S AV,3318
RANDALL AV / OLMSTEAD AV,VALENTINE AV / FORDHAM RD,2525
RANDALL AV / OLMSTEAD AV,SOUNDVIEW AV / CORNELL AV,783
RANDALL AV / OLMSTEAD AV,W 125 ST / 12 AV,4267
RANDALL AV / OLMSTEAD AV,W 179 ST / BROADWAY,4020
RANDALL AV / OLMSTEAD AV,PENNYFIELD AV / FT SCHUYLER ENT,1863
RANDALL AV / OLMSTEAD AV,ST NICHOLAS AV / W 167 ST,3597
RANDALL AV / OLMSTEAD AV,WALNUT AV / E 133 ST,4440
RANDALL AV / OLMSTEAD AV,W FARMS RD / WESTCHESTER AV,1720
RANDALL AV / OLMSTEAD AV,Parking Ramp / Access Rd,1503
RANDALL AV / OLMSTEAD AV,BROADWAY / W 262 ST,5078
RANDALL AV / OLMSTEAD AV,TREMONT AV / LANE AV,1933
RANDALL AV / OLMSTEAD AV,E 136 ST / LINCOLN AV,2778
RANDALL AV / OLMSTEAD AV,WEST FARMS RD / HOE AV,1707
RANDALL AV / OLMSTEAD AV,RIVERBANK / STATE PARK,4158
RANDALL AV / OLMSTEAD AV,ERSKINE PL / EARHART LA,2043
RANDALL AV / OLMSTEAD AV,W 135 ST / ST NICHOLAS AV,3682
RANDALL AV / OLMSTEAD AV,179 ST / BROADWAY,4097
RANDALL AV / OLMSTEAD AV,SOUTHERN BL / WESTCHESTER AV,1638
RANDALL AV / OLMSTEAD AV,BAINBRIDGE AV / E 206 ST,3810
RANDALL AV / OLMSTEAD AV,LANE AV / BENSON AV,1864
RANDALL AV / OLMSTEAD AV,OLMSTEAD AV / SEWARD AV,156
RANDALL AV / OLMSTEAD AV,E 149 ST / BERGEN AV,2238
RANDALL AV / OLMSTEAD AV,LIC,7710
BERGEN AV / WESTCHESTER AV,SOUTHERN BL / BOTANICAL GARDENS,2567
BERGEN AV / WESTCHESTER AV,CO-OP CITY BL / Bartow Av,3426
BERGEN AV / WESTCHESTER AV,BROADWAY / W 179 ST,2112
BERGEN AV / WESTCHESTER AV,RIVERDALE AV / W 263 ST,4040
BERGEN AV / WESTCHESTER AV,KATONAH AV / E 242 ST,3440
BERGEN AV / WESTCHESTER AV,3 AV / E FORDHAM RD,1748
BERGEN AV / WESTCHESTER AV,E 135 ST / ST ANN S AV,683
BERGEN AV / WESTCHESTER AV,VALENTINE AV / FORDHAM RD,1767
BERGEN AV / WESTCHESTER AV,SOUNDVIEW AV / CORNELL AV,2763
BERGEN AV / WESTCHESTER AV,W 125 ST / 12 AV,2302
BERGEN AV / WESTCHESTER AV,W 179 ST / BROADWAY,2180
BERGEN AV / WESTCHESTER AV,PENNYFIELD AV / FT SCHUYLER ENT,3908
BERGEN AV / WESTCHESTER AV,ST NICHOLAS AV / W 167 ST,2051
BERGEN AV / WESTCHESTER AV,WALNUT AV / E 133 ST,1162
BERGEN AV / WESTCHESTER AV,W FARMS RD / WESTCHESTER AV,836
BERGEN AV / WESTCHESTER AV,Parking Ramp / Access Rd,3660
BERGEN AV / WESTCHESTER AV,BROADWAY / W 262 ST,4123
BERGEN AV / WESTCHESTER AV,TREMONT AV / LANE AV,2354
BERGEN AV / WESTCHESTER AV,E 136 ST / LINCOLN AV,442
BERGEN AV / WESTCHESTER AV,WEST FARMS RD / HOE AV,825
BERGEN AV / WESTCHESTER AV,RIVERBANK / STATE PARK,1543
BERGEN AV / WESTCHESTER AV,ERSKINE PL / EARHART LA,3680
BERGEN AV / WESTCHESTER AV,W 135 ST / ST NICHOLAS AV,1042
BERGEN AV / WESTCHESTER AV,179 ST / BROADWAY,2105
BERGEN AV / WESTCHESTER AV,SOUTHERN BL / WESTCHESTER AV,809
BERGEN AV / WESTCHESTER AV,BAINBRIDGE AV / E 206 ST,2090
BERGEN AV / WESTCHESTER AV,LANE AV / BENSON AV,2280
BERGEN AV / WESTCHESTER AV,OLMSTEAD AV / SEWARD AV,2640
BERGEN AV / WESTCHESTER AV,E 149 ST / BERGEN AV,28
BERGEN AV / WESTCHESTER AV,LIC,4414
LANE AV / BENSON AV,SOUTHERN BL / BOTANICAL GARDENS,2527
LANE AV / BENSON AV,CO-OP CITY BL / Bartow Av,1973
LANE AV / BENSON AV,BROADWAY / W 179 ST,3680
LANE AV / BENSON AV,RIVERDALE AV / W 263 ST,4345
LANE AV / BENSON AV,KATONAH AV / E 242 ST,2562
LANE AV / BENSON AV,3 AV / E FORDHAM RD,2303
LANE AV / BENSON AV,E 135 ST / ST ANN S AV,3660
LANE AV / BENSON AV,VALENTINE AV / FORDHAM RD,2467
LANE AV / BENSON AV,SOUNDVIEW AV / CORNELL AV,1803
LANE AV / BENSON AV,W 125 ST / 12 AV,4920
LANE AV / BENSON AV,W 179 ST / BROADWAY,3607
LANE AV / BENSON AV,PENNYFIELD AV / FT SCHUYLER ENT,1331
LANE AV / BENSON AV,ST NICHOLAS AV / W 167 ST,4164
LANE AV / BENSON AV,WALNUT AV / E 133 ST,4094
LANE AV / BENSON AV,W FARMS RD / WESTCHESTER AV,1928
LANE AV / BENSON AV,Parking Ramp / Access Rd,1493
LANE AV / BENSON AV,BROADWAY / W 262 ST,4747
LANE AV / BENSON AV,TREMONT AV / LANE AV,39
LANE AV / BENSON AV,E 136 ST / LINCOLN AV,3120
LANE AV / BENSON AV,WEST FARMS RD / HOE AV,1937
LANE AV / BENSON AV,RIVERBANK / STATE PARK,4500
LANE AV / BENSON AV,ERSKINE PL / EARHART LA,1793
LANE AV / BENSON AV,W 135 ST / ST NICHOLAS AV,4784
LANE AV / BENSON AV,179 ST / BROADWAY,3684
LANE AV / BENSON AV,SOUTHERN BL / WESTCHESTER AV,1988
LANE AV / BENSON AV,BAINBRIDGE AV / E 206 ST,3277
LANE AV / BENSON AV,OLMSTEAD AV / SEWARD AV,1380
LANE AV / BENSON AV,E 149 ST / BERGEN AV,2580
LANE AV / BENSON AV,LIC,7152
LIC,SOUTHERN BL / BOTANICAL GARDENS,6408
LIC,CO-OP CITY BL / Bartow Av,7454
LIC,BROADWAY / W 179 ST,4573
LIC,RIVERDALE AV / W 263 ST,7188
LIC,KATONAH AV / E 242 ST,7368
LIC,3 AV / E FORDHAM RD,5208
LIC,E 135 ST / ST ANN S AV,4368
LIC,VALENTINE AV / FORDHAM RD,5544
LIC,SOUNDVIEW AV / CORNELL AV,6171
LIC,W 125 ST / 12 AV,3408
LIC,W 179 ST / BROADWAY,4648
LIC,PENNYFIELD AV / FT SCHUYLER ENT,8748
LIC,ST NICHOLAS AV / W 167 ST,4096
LIC,WALNUT AV / E 133 ST,3648
LIC,W FARMS RD / WESTCHESTER AV,5143
LIC,Parking Ramp / Access Rd,7245
LIC,BROADWAY / W 262 ST,7428
LIC,TREMONT AV / LANE AV,6361
LIC,E 136 ST / LINCOLN AV,3408
LIC,WEST FARMS RD / HOE AV,5130
LIC,RIVERBANK / STATE PARK,3768
LIC,ERSKINE PL / EARHART LA,7668
LIC,W 135 ST / ST NICHOLAS AV,3126
LIC,179 ST / BROADWAY,4564
LIC,SOUTHERN BL / WESTCHESTER AV,5061
LIC,BAINBRIDGE AV / E 206 ST,5598
LIC,LANE AV / BENSON AV,6292
LIC,OLMSTEAD AV / SEWARD AV,6556
LIC,E 149 ST / BERGEN AV,3611
