SUNKEN GARDEN LOOP / CHARLES H GAY CTR,LEXINGTON AV / E 125 ST,540
SUNKEN GARDEN LOOP / CHARLES H GAY CTR,4 AV / E 9 ST,3686
SUNKEN GARDEN LOOP / CHARLES H GAY CTR,12 AV / W 42 ST,4020
SUNKEN GARDEN LOOP / CHARLES H GAY CTR,AMSTERDAM AV / W 129 ST,1573
SUNKEN GARDEN LOOP / CHARLES H GAY CTR,3 AV / ASTOR PL,3620
SUNKEN GARDEN LOOP / CHARLES H GAY CTR,W 168 ST / AUDUBON AV,2628
SUNKEN GARDEN LOOP / CHARLES H GAY CTR,AV OF THE AMERICAS / W 14 ST,3828
SUNKEN GARDEN LOOP / CHARLES H GAY CTR,VESEY ST / NORTH END AV,5460
SUNKEN GARDEN LOOP / CHARLES H GAY CTR,E 41 ST / 1 AV,2760
SUNKEN GARDEN LOOP / CHARLES H GAY CTR,HUDSON ST / BETHUNE ST,4073
SUNKEN GARDEN LOOP / CHARLES H GAY CTR,W 66 ST / FREEDOM PL,3013
SUNKEN GARDEN LOOP / CHARLES H GAY CTR,E 60 ST / YORK AV,2700
SUNKEN GARDEN LOOP / CHARLES H GAY CTR,W 66 ST / WEST END AV,2880
SUNKEN GARDEN LOOP / CHARLES H GAY CTR,PARK ROW / BEEKMAN ST,4380
SUNKEN GARDEN LOOP / CHARLES H GAY CTR,STATE ST / WHITEHALL ST,4806
SUNKEN GARDEN LOOP / CHARLES H GAY CTR,GRAND ST / FDR DR,4176
SUNKEN GARDEN LOOP / CHARLES H GAY CTR,W 31 ST / 6 AV,3840
SUNKEN GARDEN LOOP / CHARLES H GAY CTR,BROADWAY / W 220 ST,3960
SUNKEN GARDEN LOOP / CHARLES H GAY CTR,W 54 ST / 11 AV,3360
SUNKEN GARDEN LOOP / CHARLES H GAY CTR,MARGARET CORBIN DR / CLOISTERS,3673
SUNKEN GARDEN LOOP / CHARLES H GAY CTR,E 97 ST / 1 AV,1826
SUNKEN GARDEN LOOP / CHARLES H GAY CTR,W 106 ST / BROADWAY,2204
SUNKEN GARDEN LOOP / CHARLES H GAY CTR,PLEASANT AV / E 120 ST,960
SUNKEN GARDEN LOOP / CHARLES H GAY CTR,W 178 ST / BROADWAY,2918
SUNKEN GARDEN LOOP / CHARLES H GAY CTR,E 127 ST / 2 AV,565
SUNKEN GARDEN LOOP / CHARLES H GAY CTR,WEST ST / CHRISTOPHER ST,5520
SUNKEN GARDEN LOOP / CHARLES H GAY CTR,FT GEORGE AV / 66 FT GEORGE AV,3144
SUNKEN GARDEN LOOP / CHARLES H GAY CTR,W 58 ST / BROADWAY,3150
SUNKEN GARDEN LOOP / CHARLES H GAY CTR,146 ST / LENOX AV,1500
SUNKEN GARDEN LOOP / CHARLES H GAY CTR,CENTRE ST / BROOME ST,4137
SUNKEN GARDEN LOOP / CHARLES H GAY CTR,E 91 ST / 1 AV,1928
SUNKEN GARDEN LOOP / CHARLES H GAY CTR,E 72 ST / YORK AV,2988
SUNKEN GARDEN LOOP / CHARLES H GAY CTR,LIC,3678
168 ST / AUDUBON AV,LEXINGTON AV / E 125 ST,1791
168 ST / AUDUBON AV,4 AV / E 9 ST,3600
168 ST / AUDUBON AV,12 AV / W 42 ST,3698
168 ST / AUDUBON AV,AMSTERDAM AV / W 129 ST,1089
168 ST / AUDUBON AV,3 AV / ASTOR PL,3686
168 ST / AUDUBON AV,W 168 ST / AUDUBON AV,11
168 ST / AUDUBON AV,AV OF THE AMERICAS / W 14 ST,3634
168 ST / AUDUBON AV,VESEY ST / NORTH END AV,4965
168 ST / AUDUBON AV,E 41 ST / 1 AV,3772
168 ST / AUDUBON AV,HUDSON ST / BETHUNE ST,3652
168 ST / AUDUBON AV,W 66 ST / FREEDOM PL,2512
168 ST / AUDUBON AV,E 60 ST / YORK AV,2812
168 ST / AUDUBON AV,W 66 ST / WEST END AV,2136
168 ST / AUDUBON AV,PARK ROW / BEEKMAN ST,4546
168 ST / AUDUBON AV,STATE ST / WHITEHALL ST,4800
168 ST / AUDUBON AV,GRAND ST / FDR DR,4776
168 ST / AUDUBON AV,W 31 ST / 6 AV,2992
168 ST / AUDUBON AV,BROADWAY / W 220 ST,1424
168 ST / AUDUBON AV,W 54 ST / 11 AV,2572
168 ST / AUDUBON AV,MARGARET CORBIN DR / CLOISTERS,1188
168 ST / AUDUBON AV,E 97 ST / 1 AV,2640
168 ST / AUDUBON AV,W 106 ST / BROADWAY,1345
168 ST / AUDUBON AV,PLEASANT AV / E 120 ST,2460
168 ST / AUDUBON AV,W 178 ST / BROADWAY,526
168 ST / AUDUBON AV,E 127 ST / 2 AV,2231
168 ST / AUDUBON AV,WEST ST / CHRISTOPHER ST,4020
168 ST / AUDUBON AV,FT GEORGE AV / 66 FT GEORGE AV,723
168 ST / AUDUBON AV,W 58 ST / BROADWAY,2142
168 ST / AUDUBON AV,146 ST / LENOX AV,900
168 ST / AUDUBON AV,CENTRE ST / BROOME ST,4388
168 ST / AUDUBON AV,E 91 ST / 1 AV,2691
168 ST / AUDUBON AV,E 72 ST / YORK AV,3611
168 ST / AUDUBON AV,LIC,3978
E 41 ST / 1 AV,LEXINGTON AV / E 125 ST,2436
E 41 ST / 1 AV,4 AV / E 9 ST,1044
E 41 ST / 1 AV,12 AV / W 42 ST,1020
E 41 ST / 1 AV,AMSTERDAM AV / W 129 ST,3187
E 41 ST / 1 AV,3 AV / ASTOR PL,1160
E 41 ST / 1 AV,W 168 ST / AUDUBON AV,3600
E 41 ST / 1 AV,AV OF THE AMERICAS / W 14 ST,1313
E 41 ST / 1 AV,VESEY ST / NORTH END AV,2667
E 41 ST / 1 AV,HUDSON ST / BETHUNE ST,1674
E 41 ST / 1 AV,W 66 ST / FREEDOM PL,1572
E 41 ST / 1 AV,E 60 ST / YORK AV,838
E 41 ST / 1 AV,W 66 ST / WEST END AV,1439
E 41 ST / 1 AV,PARK ROW / BEEKMAN ST,1860
E 41 ST / 1 AV,STATE ST / WHITEHALL ST,2047
E 41 ST / 1 AV,GRAND ST / FDR DR,1657
E 41 ST / 1 AV,W 31 ST / 6 AV,1680
E 41 ST / 1 AV,BROADWAY / W 220 ST,5561
E 41 ST / 1 AV,W 54 ST / 11 AV,1704
E 41 ST / 1 AV,MARGARET CORBIN DR / CLOISTERS,4500
E 41 ST / 1 AV,E 97 ST / 1 AV,1330
E 41 ST / 1 AV,W 106 ST / BROADWAY,2811
E 41 ST / 1 AV,PLEASANT AV / E 120 ST,1347
E 41 ST / 1 AV,W 178 ST / BROADWAY,4260
E 41 ST / 1 AV,E 127 ST / 2 AV,1884
E 41 ST / 1 AV,WEST ST / CHRISTOPHER ST,1681
E 41 ST / 1 AV,FT GEORGE AV / 66 FT GEORGE AV,4800
E 41 ST / 1 AV,W 58 ST / BROADWAY,1201
E 41 ST / 1 AV,146 ST / LENOX AV,3000
E 41 ST / 1 AV,CENTRE ST / BROOME ST,1654
E 41 ST / 1 AV,E 91 ST / 1 AV,1216
E 41 ST / 1 AV,E 72 ST / YORK AV,1150
E 41 ST / 1 AV,LIC,1776
W 41 ST / 8 AV,LEXINGTON AV / E 125 ST,2517
W 41 ST / 8 AV,4 AV / E 9 ST,1078
W 41 ST / 8 AV,12 AV / W 42 ST,391
W 41 ST / 8 AV,AMSTERDAM AV / W 129 ST,2558
W 41 ST / 8 AV,3 AV / ASTOR PL,1166
W 41 ST / 8 AV,W 168 ST / AUDUBON AV,3418
W 41 ST / 8 AV,AV OF THE AMERICAS / W 14 ST,922
W 41 ST / 8 AV,VESEY ST / NORTH END AV,1607
W 41 ST / 8 AV,E 41 ST / 1 AV,778
W 41 ST / 8 AV,HUDSON ST / BETHUNE ST,837
W 41 ST / 8 AV,W 66 ST / FREEDOM PL,1396
W 41 ST / 8 AV,E 60 ST / YORK AV,1318
W 41 ST / 8 AV,W 66 ST / WEST END AV,1618
W 41 ST / 8 AV,PARK ROW / BEEKMAN ST,1816
W 41 ST / 8 AV,STATE ST / WHITEHALL ST,1880
W 41 ST / 8 AV,GRAND ST / FDR DR,2156
W 41 ST / 8 AV,W 31 ST / 6 AV,646
W 41 ST / 8 AV,BROADWAY / W 220 ST,4301
W 41 ST / 8 AV,W 54 ST / 11 AV,1075
W 41 ST / 8 AV,MARGARET CORBIN DR / CLOISTERS,4318
W 41 ST / 8 AV,E 97 ST / 1 AV,2214
W 41 ST / 8 AV,W 106 ST / BROADWAY,1770
W 41 ST / 8 AV,PLEASANT AV / E 120 ST,2578
W 41 ST / 8 AV,W 178 ST / BROADWAY,4004
W 41 ST / 8 AV,E 127 ST / 2 AV,2603
W 41 ST / 8 AV,WEST ST / CHRISTOPHER ST,1661
W 41 ST / 8 AV,FT GEORGE AV / 66 FT GEORGE AV,4135
W 41 ST / 8 AV,W 58 ST / BROADWAY,1019
W 41 ST / 8 AV,146 ST / LENOX AV,2818
W 41 ST / 8 AV,CENTRE ST / BROOME ST,2064
W 41 ST / 8 AV,E 91 ST / 1 AV,2475
W 41 ST / 8 AV,E 72 ST / YORK AV,1380
W 41 ST / 8 AV,LIC,2794
ST NICHOLAS AV / W 192 ST,LEXINGTON AV / E 125 ST,2387
ST NICHOLAS AV / W 192 ST,4 AV / E 9 ST,4752
ST NICHOLAS AV / W 192 ST,12 AV / W 42 ST,4412
ST NICHOLAS AV / W 192 ST,AMSTERDAM AV / W 129 ST,1609
ST NICHOLAS AV / W 192 ST,3 AV / ASTOR PL,4486
ST NICHOLAS AV / W 192 ST,W 168 ST / AUDUBON AV,913
ST NICHOLAS AV / W 192 ST,AV OF THE AMERICAS / W 14 ST,4366
ST NICHOLAS AV / W 192 ST,VESEY ST / NORTH END AV,5679
ST NICHOLAS AV / W 192 ST,E 41 ST / 1 AV,4201
ST NICHOLAS AV / W 192 ST,HUDSON ST / BETHUNE ST,4366
ST NICHOLAS AV / W 192 ST,W 66 ST / FREEDOM PL,3226
ST NICHOLAS AV / W 192 ST,E 60 ST / YORK AV,3526
ST NICHOLAS AV / W 192 ST,W 66 ST / WEST END AV,2850
ST NICHOLAS AV / W 192 ST,PARK ROW / BEEKMAN ST,5072
ST NICHOLAS AV / W 192 ST,STATE ST / WHITEHALL ST,5326
ST NICHOLAS AV / W 192 ST,GRAND ST / FDR DR,5617
ST NICHOLAS AV / W 192 ST,W 31 ST / 6 AV,3706
ST NICHOLAS AV / W 192 ST,BROADWAY / W 220 ST,1030
ST NICHOLAS AV / W 192 ST,W 54 ST / 11 AV,3286
ST NICHOLAS AV / W 192 ST,MARGARET CORBIN DR / CLOISTERS,743
ST NICHOLAS AV / W 192 ST,E 97 ST / 1 AV,3166
ST NICHOLAS AV / W 192 ST,W 106 ST / BROADWAY,2059
ST NICHOLAS AV / W 192 ST,PLEASANT AV / E 120 ST,3000
ST NICHOLAS AV / W 192 ST,W 178 ST / BROADWAY,607
ST NICHOLAS AV / W 192 ST,E 127 ST / 2 AV,2647
ST NICHOLAS AV / W 192 ST,WEST ST / CHRISTOPHER ST,5880
ST NICHOLAS AV / W 192 ST,FT GEORGE AV / 66 FT GEORGE AV,148
ST NICHOLAS AV / W 192 ST,W 58 ST / BROADWAY,2856
ST NICHOLAS AV / W 192 ST,146 ST / LENOX AV,1987
ST NICHOLAS AV / W 192 ST,CENTRE ST / BROOME ST,5040
ST NICHOLAS AV / W 192 ST,E 91 ST / 1 AV,3369
ST NICHOLAS AV / W 192 ST,E 72 ST / YORK AV,4200
ST NICHOLAS AV / W 192 ST,LIC,4504
4 AV / E 10 ST,LEXINGTON AV / E 125 ST,2339
4 AV / E 10 ST,4 AV / E 9 ST,93
4 AV / E 10 ST,12 AV / W 42 ST,1998
4 AV / E 10 ST,AMSTERDAM AV / W 129 ST,2833
4 AV / E 10 ST,3 AV / ASTOR PL,189
4 AV / E 10 ST,W 168 ST / AUDUBON AV,3540
4 AV / E 10 ST,AV OF THE AMERICAS / W 14 ST,575
4 AV / E 10 ST,VESEY ST / NORTH END AV,1356
4 AV / E 10 ST,E 41 ST / 1 AV,1147
4 AV / E 10 ST,HUDSON ST / BETHUNE ST,792
4 AV / E 10 ST,W 66 ST / FREEDOM PL,1873
4 AV / E 10 ST,E 60 ST / YORK AV,1440
4 AV / E 10 ST,W 66 ST / WEST END AV,1740
4 AV / E 10 ST,PARK ROW / BEEKMAN ST,865
4 AV / E 10 ST,STATE ST / WHITEHALL ST,976
4 AV / E 10 ST,GRAND ST / FDR DR,1293
4 AV / E 10 ST,W 31 ST / 6 AV,869
4 AV / E 10 ST,BROADWAY / W 220 ST,5501
4 AV / E 10 ST,W 54 ST / 11 AV,1905
4 AV / E 10 ST,MARGARET CORBIN DR / CLOISTERS,4440
4 AV / E 10 ST,E 97 ST / 1 AV,2033
4 AV / E 10 ST,W 106 ST / BROADWAY,2751
4 AV / E 10 ST,PLEASANT AV / E 120 ST,3540
4 AV / E 10 ST,W 178 ST / BROADWAY,4126
4 AV / E 10 ST,E 127 ST / 2 AV,2422
4 AV / E 10 ST,WEST ST / CHRISTOPHER ST,549
4 AV / E 10 ST,FT GEORGE AV / 66 FT GEORGE AV,4404
4 AV / E 10 ST,W 58 ST / BROADWAY,1890
4 AV / E 10 ST,146 ST / LENOX AV,2640
4 AV / E 10 ST,CENTRE ST / BROOME ST,659
4 AV / E 10 ST,E 91 ST / 1 AV,2100
4 AV / E 10 ST,E 72 ST / YORK AV,1975
4 AV / E 10 ST,LIC,2916
W 146 ST / MALCOLM X BL,LEXINGTON AV / E 125 ST,893
W 146 ST / MALCOLM X BL,4 AV / E 9 ST,3226
W 146 ST / MALCOLM X BL,12 AV / W 42 ST,2940
W 146 ST / MALCOLM X BL,AMSTERDAM AV / W 129 ST,1219
W 146 ST / MALCOLM X BL,3 AV / ASTOR PL,2943
W 146 ST / MALCOLM X BL,W 168 ST / AUDUBON AV,1362
W 146 ST / MALCOLM X BL,AV OF THE AMERICAS / W 14 ST,3000
W 146 ST / MALCOLM X BL,VESEY ST / NORTH END AV,4433
W 146 ST / MALCOLM X BL,E 41 ST / 1 AV,3600
W 146 ST / MALCOLM X BL,HUDSON ST / BETHUNE ST,3180
W 146 ST / MALCOLM X BL,W 66 ST / FREEDOM PL,2438
W 146 ST / MALCOLM X BL,E 60 ST / YORK AV,2411
W 146 ST / MALCOLM X BL,W 66 ST / WEST END AV,2380
W 146 ST / MALCOLM X BL,PARK ROW / BEEKMAN ST,4586
W 146 ST / MALCOLM X BL,STATE ST / WHITEHALL ST,4800
W 146 ST / MALCOLM X BL,GRAND ST / FDR DR,4416
W 146 ST / MALCOLM X BL,W 31 ST / 6 AV,2987
W 146 ST / MALCOLM X BL,BROADWAY / W 220 ST,2345
W 146 ST / MALCOLM X BL,W 54 ST / 11 AV,3300
W 146 ST / MALCOLM X BL,MARGARET CORBIN DR / CLOISTERS,2058
W 146 ST / MALCOLM X BL,E 97 ST / 1 AV,1980
W 146 ST / MALCOLM X BL,W 106 ST / BROADWAY,1320
W 146 ST / MALCOLM X BL,PLEASANT AV / E 120 ST,1800
W 146 ST / MALCOLM X BL,W 178 ST / BROADWAY,1754
W 146 ST / MALCOLM X BL,E 127 ST / 2 AV,1009
W 146 ST / MALCOLM X BL,WEST ST / CHRISTOPHER ST,3431
W 146 ST / MALCOLM X BL,FT GEORGE AV / 66 FT GEORGE AV,1951
W 146 ST / MALCOLM X BL,W 58 ST / BROADWAY,2138
W 146 ST / MALCOLM X BL,146 ST / LENOX AV,8
W 146 ST / MALCOLM X BL,CENTRE ST / BROOME ST,3011
W 146 ST / MALCOLM X BL,E 91 ST / 1 AV,2219
W 146 ST / MALCOLM X BL,E 72 ST / YORK AV,2880
W 146 ST / MALCOLM X BL,LIC,3389
GRAND ST / FDR DR,LEXINGTON AV / E 125 ST,3060
GRAND ST / FDR DR,4 AV / E 9 ST,1302
GRAND ST / FDR DR,12 AV / W 42 ST,2817
GRAND ST / FDR DR,AMSTERDAM AV / W 129 ST,4342
GRAND ST / FDR DR,3 AV / ASTOR PL,1207
GRAND ST / FDR DR,W 168 ST / AUDUBON AV,5513
GRAND ST / FDR DR,AV OF THE AMERICAS / W 14 ST,1668
GRAND ST / FDR DR,VESEY ST / NORTH END AV,1260
GRAND ST / FDR DR,E 41 ST / 1 AV,1829
GRAND ST / FDR DR,HUDSON ST / BETHUNE ST,1913
GRAND ST / FDR DR,W 66 ST / FREEDOM PL,3373
GRAND ST / FDR DR,E 60 ST / YORK AV,2519
GRAND ST / FDR DR,W 66 ST / WEST END AV,3120
GRAND ST / FDR DR,PARK ROW / BEEKMAN ST,1113
GRAND ST / FDR DR,STATE ST / WHITEHALL ST,1264
GRAND ST / FDR DR,W 31 ST / 6 AV,2253
GRAND ST / FDR DR,BROADWAY / W 220 ST,6180
GRAND ST / FDR DR,W 54 ST / 11 AV,3084
GRAND ST / FDR DR,MARGARET CORBIN DR / CLOISTERS,5940
GRAND ST / FDR DR,E 97 ST / 1 AV,2516
GRAND ST / FDR DR,W 106 ST / BROADWAY,4364
GRAND ST / FDR DR,PLEASANT AV / E 120 ST,2880
GRAND ST / FDR DR,W 178 ST / BROADWAY,5700
GRAND ST / FDR DR,E 127 ST / 2 AV,2905
GRAND ST / FDR DR,WEST ST / CHRISTOPHER ST,2640
GRAND ST / FDR DR,FT GEORGE AV / 66 FT GEORGE AV,6024
GRAND ST / FDR DR,W 58 ST / BROADWAY,3162
GRAND ST / FDR DR,146 ST / LENOX AV,4327
GRAND ST / FDR DR,CENTRE ST / BROOME ST,1074
GRAND ST / FDR DR,E 91 ST / 1 AV,2897
GRAND ST / FDR DR,E 72 ST / YORK AV,2674
GRAND ST / FDR DR,LIC,3216
12 AV / 42 ST,LEXINGTON AV / E 125 ST,2939
12 AV / 42 ST,4 AV / E 9 ST,1500
12 AV / 42 ST,12 AV / W 42 ST,47
12 AV / 42 ST,AMSTERDAM AV / W 129 ST,2716
12 AV / 42 ST,3 AV / ASTOR PL,1588
12 AV / 42 ST,W 168 ST / AUDUBON AV,3020
12 AV / 42 ST,AV OF THE AMERICAS / W 14 ST,1553
12 AV / 42 ST,VESEY ST / NORTH END AV,2907
12 AV / 42 ST,E 41 ST / 1 AV,1200
12 AV / 42 ST,HUDSON ST / BETHUNE ST,1140
12 AV / 42 ST,W 66 ST / FREEDOM PL,1737
12 AV / 42 ST,E 60 ST / YORK AV,1647
12 AV / 42 ST,W 66 ST / WEST END AV,1685
12 AV / 42 ST,PARK ROW / BEEKMAN ST,2601
12 AV / 42 ST,STATE ST / WHITEHALL ST,2820
12 AV / 42 ST,GRAND ST / FDR DR,2616
12 AV / 42 ST,W 31 ST / 6 AV,1039
12 AV / 42 ST,BROADWAY / W 220 ST,4707
12 AV / 42 ST,W 54 ST / 11 AV,483
12 AV / 42 ST,MARGARET CORBIN DR / CLOISTERS,4420
12 AV / 42 ST,E 97 ST / 1 AV,2636
12 AV / 42 ST,W 106 ST / BROADWAY,2009
12 AV / 42 ST,PLEASANT AV / E 120 ST,3000
12 AV / 42 ST,W 178 ST / BROADWAY,3207
12 AV / 42 ST,E 127 ST / 2 AV,3025
12 AV / 42 ST,WEST ST / CHRISTOPHER ST,2387
12 AV / 42 ST,FT GEORGE AV / 66 FT GEORGE AV,4107
12 AV / 42 ST,W 58 ST / BROADWAY,567
12 AV / 42 ST,146 ST / LENOX AV,3240
12 AV / 42 ST,CENTRE ST / BROOME ST,2486
12 AV / 42 ST,E 91 ST / 1 AV,2312
12 AV / 42 ST,E 72 ST / YORK AV,1935
12 AV / 42 ST,LIC,3216
RIVERBANK / STATE PARK,LEXINGTON AV / E 125 ST,1373
RIVERBANK / STATE PARK,4 AV / E 9 ST,3387
RIVERBANK / STATE PARK,12 AV / W 42 ST,2700
RIVERBANK / STATE PARK,AMSTERDAM AV / W 129 ST,416
RIVERBANK / STATE PARK,3 AV / ASTOR PL,3226
RIVERBANK / STATE PARK,W 168 ST / AUDUBON AV,972
RIVERBANK / STATE PARK,AV OF THE AMERICAS / W 14 ST,2821
RIVERBANK / STATE PARK,VESEY ST / NORTH END AV,4193
RIVERBANK / STATE PARK,E 41 ST / 1 AV,3360
RIVERBANK / STATE PARK,HUDSON ST / BETHUNE ST,2940
RIVERBANK / STATE PARK,W 66 ST / FREEDOM PL,1994
RIVERBANK / STATE PARK,E 60 ST / YORK AV,3300
RIVERBANK / STATE PARK,W 66 ST / WEST END AV,1785
RIVERBANK / STATE PARK,PARK ROW / BEEKMAN ST,3622
RIVERBANK / STATE PARK,STATE ST / WHITEHALL ST,3841
RIVERBANK / STATE PARK,GRAND ST / FDR DR,4237
RIVERBANK / STATE PARK,W 31 ST / 6 AV,2641
RIVERBANK / STATE PARK,BROADWAY / W 220 ST,2238
RIVERBANK / STATE PARK,W 54 ST / 11 AV,2221
RIVERBANK / STATE PARK,MARGARET CORBIN DR / CLOISTERS,2002
RIVERBANK / STATE PARK,E 97 ST / 1 AV,1740
RIVERBANK / STATE PARK,W 106 ST / BROADWAY,994
RIVERBANK / STATE PARK,PLEASANT AV / E 120 ST,2760
RIVERBANK / STATE PARK,W 178 ST / BROADWAY,1233
RIVERBANK / STATE PARK,E 127 ST / 2 AV,1489
RIVERBANK / STATE PARK,WEST ST / CHRISTOPHER ST,4320
RIVERBANK / STATE PARK,FT GEORGE AV / 66 FT GEORGE AV,1524
RIVERBANK / STATE PARK,W 58 ST / BROADWAY,1791
RIVERBANK / STATE PARK,146 ST / LENOX AV,960
RIVERBANK / STATE PARK,CENTRE ST / BROOME ST,3507
RIVERBANK / STATE PARK,E 91 ST / 1 AV,1979
RIVERBANK / STATE PARK,E 72 ST / YORK AV,2640
RIVERBANK / STATE PARK,LIC,4339
E 72 ST / YORK AV,LEXINGTON AV / E 125 ST,1716
E 72 ST / YORK AV,4 AV / E 9 ST,2000
E 72 ST / YORK AV,12 AV / W 42 ST,2595
E 72 ST / YORK AV,AMSTERDAM AV / W 129 ST,2473
E 72 ST / YORK AV,3 AV / ASTOR PL,1951
E 72 ST / YORK AV,W 168 ST / AUDUBON AV,3113
E 72 ST / YORK AV,AV OF THE AMERICAS / W 14 ST,1985
E 72 ST / YORK AV,VESEY ST / NORTH END AV,3060
E 72 ST / YORK AV,E 41 ST / 1 AV,1155
E 72 ST / YORK AV,HUDSON ST / BETHUNE ST,2888
E 72 ST / YORK AV,W 66 ST / FREEDOM PL,1440
E 72 ST / YORK AV,E 60 ST / YORK AV,393
E 72 ST / YORK AV,W 66 ST / WEST END AV,1573
E 72 ST / YORK AV,PARK ROW / BEEKMAN ST,3120
E 72 ST / YORK AV,STATE ST / WHITEHALL ST,2820
E 72 ST / YORK AV,GRAND ST / FDR DR,2655
E 72 ST / YORK AV,W 31 ST / 6 AV,1920
E 72 ST / YORK AV,BROADWAY / W 220 ST,4800
E 72 ST / YORK AV,W 54 ST / 11 AV,1473
E 72 ST / YORK AV,MARGARET CORBIN DR / CLOISTERS,4740
E 72 ST / YORK AV,E 97 ST / 1 AV,773
E 72 ST / YORK AV,W 106 ST / BROADWAY,2102
E 72 ST / YORK AV,PLEASANT AV / E 120 ST,1422
E 72 ST / YORK AV,W 178 ST / BROADWAY,3300
E 72 ST / YORK AV,E 127 ST / 2 AV,1327
E 72 ST / YORK AV,WEST ST / CHRISTOPHER ST,2715
E 72 ST / YORK AV,FT GEORGE AV / 66 FT GEORGE AV,3984
E 72 ST / YORK AV,W 58 ST / BROADWAY,1263
E 72 ST / YORK AV,146 ST / LENOX AV,2467
E 72 ST / YORK AV,CENTRE ST / BROOME ST,2760
E 72 ST / YORK AV,E 91 ST / 1 AV,476
E 72 ST / YORK AV,LIC,1971
W 72 ST / BROADWAY,LEXINGTON AV / E 125 ST,1712
W 72 ST / BROADWAY,4 AV / E 9 ST,2297
W 72 ST / BROADWAY,12 AV / W 42 ST,1925
W 72 ST / BROADWAY,AMSTERDAM AV / W 129 ST,1135
W 72 ST / BROADWAY,3 AV / ASTOR PL,1836
W 72 ST / BROADWAY,W 168 ST / AUDUBON AV,2331
W 72 ST / BROADWAY,AV OF THE AMERICAS / W 14 ST,1418
W 72 ST / BROADWAY,VESEY ST / NORTH END AV,2206
W 72 ST / BROADWAY,E 41 ST / 1 AV,1571
W 72 ST / BROADWAY,HUDSON ST / BETHUNE ST,1711
W 72 ST / BROADWAY,W 66 ST / FREEDOM PL,218
W 72 ST / BROADWAY,E 60 ST / YORK AV,1320
W 72 ST / BROADWAY,W 66 ST / WEST END AV,160
W 72 ST / BROADWAY,PARK ROW / BEEKMAN ST,2415
W 72 ST / BROADWAY,STATE ST / WHITEHALL ST,2631
W 72 ST / BROADWAY,GRAND ST / FDR DR,2894
W 72 ST / BROADWAY,W 31 ST / 6 AV,1405
W 72 ST / BROADWAY,BROADWAY / W 220 ST,3603
W 72 ST / BROADWAY,W 54 ST / 11 AV,1020
W 72 ST / BROADWAY,MARGARET CORBIN DR / CLOISTERS,2919
W 72 ST / BROADWAY,E 97 ST / 1 AV,1742
W 72 ST / BROADWAY,W 106 ST / BROADWAY,1079
W 72 ST / BROADWAY,PLEASANT AV / E 120 ST,2379
W 72 ST / BROADWAY,W 178 ST / BROADWAY,2103
W 72 ST / BROADWAY,E 127 ST / 2 AV,1830
W 72 ST / BROADWAY,WEST ST / CHRISTOPHER ST,2059
W 72 ST / BROADWAY,FT GEORGE AV / 66 FT GEORGE AV,2883
W 72 ST / BROADWAY,W 58 ST / BROADWAY,616
W 72 ST / BROADWAY,146 ST / LENOX AV,2539
W 72 ST / BROADWAY,CENTRE ST / BROOME ST,2059
W 72 ST / BROADWAY,E 91 ST / 1 AV,1628
W 72 ST / BROADWAY,E 72 ST / YORK AV,771
W 72 ST / BROADWAY,LIC,2515
E 67 ST / YORK AV,LEXINGTON AV / E 125 ST,1716
E 67 ST / YORK AV,4 AV / E 9 ST,1500
E 67 ST / YORK AV,12 AV / W 42 ST,2554
E 67 ST / YORK AV,AMSTERDAM AV / W 129 ST,2473
E 67 ST / YORK AV,3 AV / ASTOR PL,1680
E 67 ST / YORK AV,W 168 ST / AUDUBON AV,3113
E 67 ST / YORK AV,AV OF THE AMERICAS / W 14 ST,1553
E 67 ST / YORK AV,VESEY ST / NORTH END AV,2835
E 67 ST / YORK AV,E 41 ST / 1 AV,1039
E 67 ST / YORK AV,HUDSON ST / BETHUNE ST,2040
E 67 ST / YORK AV,W 66 ST / FREEDOM PL,973
E 67 ST / YORK AV,E 60 ST / YORK AV,288
E 67 ST / YORK AV,W 66 ST / WEST END AV,840
E 67 ST / YORK AV,PARK ROW / BEEKMAN ST,2529
E 67 ST / YORK AV,STATE ST / WHITEHALL ST,2903
E 67 ST / YORK AV,GRAND ST / FDR DR,2135
E 67 ST / YORK AV,W 31 ST / 6 AV,1848
E 67 ST / YORK AV,BROADWAY / W 220 ST,4800
E 67 ST / YORK AV,W 54 ST / 11 AV,1368
E 67 ST / YORK AV,MARGARET CORBIN DR / CLOISTERS,4740
E 67 ST / YORK AV,E 97 ST / 1 AV,871
E 67 ST / YORK AV,W 106 ST / BROADWAY,2102
E 67 ST / YORK AV,PLEASANT AV / E 120 ST,1520
E 67 ST / YORK AV,W 178 ST / BROADWAY,3300
E 67 ST / YORK AV,E 127 ST / 2 AV,1425
E 67 ST / YORK AV,WEST ST / CHRISTOPHER ST,2599
E 67 ST / YORK AV,FT GEORGE AV / 66 FT GEORGE AV,3984
E 67 ST / YORK AV,W 58 ST / BROADWAY,1070
E 67 ST / YORK AV,146 ST / LENOX AV,2467
E 67 ST / YORK AV,CENTRE ST / BROOME ST,2760
E 67 ST / YORK AV,E 91 ST / 1 AV,596
E 67 ST / YORK AV,E 72 ST / YORK AV,292
E 67 ST / YORK AV,LIC,1944
E 126 ST / 2 AV,LEXINGTON AV / E 125 ST,89
E 126 ST / 2 AV,4 AV / E 9 ST,2224
E 126 ST / 2 AV,12 AV / W 42 ST,2903
E 126 ST / 2 AV,AMSTERDAM AV / W 129 ST,931
E 126 ST / 2 AV,3 AV / ASTOR PL,2859
E 126 ST / 2 AV,W 168 ST / AUDUBON AV,2040
E 126 ST / 2 AV,AV OF THE AMERICAS / W 14 ST,2515
E 126 ST / 2 AV,VESEY ST / NORTH END AV,3814
E 126 ST / 2 AV,E 41 ST / 1 AV,1781
E 126 ST / 2 AV,HUDSON ST / BETHUNE ST,3143
E 126 ST / 2 AV,W 66 ST / FREEDOM PL,2580
E 126 ST / 2 AV,E 60 ST / YORK AV,1601
E 126 ST / 2 AV,W 66 ST / WEST END AV,2456
E 126 ST / 2 AV,PARK ROW / BEEKMAN ST,3540
E 126 ST / 2 AV,STATE ST / WHITEHALL ST,3287
E 126 ST / 2 AV,GRAND ST / FDR DR,2897
E 126 ST / 2 AV,W 31 ST / 6 AV,2578
E 126 ST / 2 AV,BROADWAY / W 220 ST,3372
E 126 ST / 2 AV,W 54 ST / 11 AV,2640
E 126 ST / 2 AV,MARGARET CORBIN DR / CLOISTERS,3085
E 126 ST / 2 AV,E 97 ST / 1 AV,829
E 126 ST / 2 AV,W 106 ST / BROADWAY,1196
E 126 ST / 2 AV,PLEASANT AV / E 120 ST,399
E 126 ST / 2 AV,W 178 ST / BROADWAY,2330
E 126 ST / 2 AV,E 127 ST / 2 AV,292
E 126 ST / 2 AV,WEST ST / CHRISTOPHER ST,3900
E 126 ST / 2 AV,FT GEORGE AV / 66 FT GEORGE AV,2494
E 126 ST / 2 AV,W 58 ST / BROADWAY,2462
E 126 ST / 2 AV,146 ST / LENOX AV,1032
E 126 ST / 2 AV,CENTRE ST / BROOME ST,3334
E 126 ST / 2 AV,E 91 ST / 1 AV,931
E 126 ST / 2 AV,E 72 ST / YORK AV,1857
E 126 ST / 2 AV,LIC,3179
W 44 ST / 6 AV,LEXINGTON AV / E 125 ST,1989
W 44 ST / 6 AV,4 AV / E 9 ST,1302
W 44 ST / 6 AV,12 AV / W 42 ST,1009
W 44 ST / 6 AV,AMSTERDAM AV / W 129 ST,2483
W 44 ST / 6 AV,3 AV / ASTOR PL,1029
W 44 ST / 6 AV,W 168 ST / AUDUBON AV,2787
W 44 ST / 6 AV,AV OF THE AMERICAS / W 14 ST,897
W 44 ST / 6 AV,VESEY ST / NORTH END AV,1704
W 44 ST / 6 AV,E 41 ST / 1 AV,594
W 44 ST / 6 AV,HUDSON ST / BETHUNE ST,1204
W 44 ST / 6 AV,W 66 ST / FREEDOM PL,1504
W 44 ST / 6 AV,E 60 ST / YORK AV,1414
W 44 ST / 6 AV,W 66 ST / WEST END AV,1303
W 44 ST / 6 AV,PARK ROW / BEEKMAN ST,1401
W 44 ST / 6 AV,STATE ST / WHITEHALL ST,1620
W 44 ST / 6 AV,GRAND ST / FDR DR,2016
W 44 ST / 6 AV,W 31 ST / 6 AV,600
W 44 ST / 6 AV,BROADWAY / W 220 ST,4474
W 44 ST / 6 AV,W 54 ST / 11 AV,1011
W 44 ST / 6 AV,MARGARET CORBIN DR / CLOISTERS,4187
W 44 ST / 6 AV,E 97 ST / 1 AV,2030
W 44 ST / 6 AV,W 106 ST / BROADWAY,1776
W 44 ST / 6 AV,PLEASANT AV / E 120 ST,2394
W 44 ST / 6 AV,W 178 ST / BROADWAY,2974
W 44 ST / 6 AV,E 127 ST / 2 AV,2419
W 44 ST / 6 AV,WEST ST / CHRISTOPHER ST,2050
W 44 ST / 6 AV,FT GEORGE AV / 66 FT GEORGE AV,3874
W 44 ST / 6 AV,W 58 ST / BROADWAY,584
W 44 ST / 6 AV,146 ST / LENOX AV,2290
W 44 ST / 6 AV,CENTRE ST / BROOME ST,1286
W 44 ST / 6 AV,E 91 ST / 1 AV,1750
W 44 ST / 6 AV,E 72 ST / YORK AV,1702
W 44 ST / 6 AV,LIC,1646
SPRING ST / GREENWICH ST,LEXINGTON AV / E 125 ST,3180
SPRING ST / GREENWICH ST,4 AV / E 9 ST,1302
SPRING ST / GREENWICH ST,12 AV / W 42 ST,2312
SPRING ST / GREENWICH ST,AMSTERDAM AV / W 129 ST,3632
SPRING ST / GREENWICH ST,3 AV / ASTOR PL,1207
SPRING ST / GREENWICH ST,W 168 ST / AUDUBON AV,3985
SPRING ST / GREENWICH ST,AV OF THE AMERICAS / W 14 ST,747
SPRING ST / GREENWICH ST,VESEY ST / NORTH END AV,663
SPRING ST / GREENWICH ST,E 41 ST / 1 AV,1829
SPRING ST / GREENWICH ST,HUDSON ST / BETHUNE ST,673
SPRING ST / GREENWICH ST,W 66 ST / FREEDOM PL,2912
SPRING ST / GREENWICH ST,E 60 ST / YORK AV,2519
SPRING ST / GREENWICH ST,W 66 ST / WEST END AV,2501
SPRING ST / GREENWICH ST,PARK ROW / BEEKMAN ST,1401
SPRING ST / GREENWICH ST,STATE ST / WHITEHALL ST,1620
SPRING ST / GREENWICH ST,GRAND ST / FDR DR,900
SPRING ST / GREENWICH ST,W 31 ST / 6 AV,952
SPRING ST / GREENWICH ST,BROADWAY / W 220 ST,5473
SPRING ST / GREENWICH ST,W 54 ST / 11 AV,2072
SPRING ST / GREENWICH ST,MARGARET CORBIN DR / CLOISTERS,5612
SPRING ST / GREENWICH ST,E 97 ST / 1 AV,2636
SPRING ST / GREENWICH ST,W 106 ST / BROADWAY,2974
SPRING ST / GREENWICH ST,PLEASANT AV / E 120 ST,3000
SPRING ST / GREENWICH ST,W 178 ST / BROADWAY,4172
SPRING ST / GREENWICH ST,E 127 ST / 2 AV,3025
SPRING ST / GREENWICH ST,WEST ST / CHRISTOPHER ST,2188
SPRING ST / GREENWICH ST,FT GEORGE AV / 66 FT GEORGE AV,4712
SPRING ST / GREENWICH ST,W 58 ST / BROADWAY,1782
SPRING ST / GREENWICH ST,146 ST / LENOX AV,4740
SPRING ST / GREENWICH ST,CENTRE ST / BROOME ST,1320
SPRING ST / GREENWICH ST,E 91 ST / 1 AV,2897
SPRING ST / GREENWICH ST,E 72 ST / YORK AV,2880
SPRING ST / GREENWICH ST,LIC,2888
BROADWAY / W 178 ST,LEXINGTON AV / E 125 ST,2118
BROADWAY / W 178 ST,4 AV / E 9 ST,3540
BROADWAY / W 178 ST,12 AV / W 42 ST,3826
BROADWAY / W 178 ST,AMSTERDAM AV / W 129 ST,1477
BROADWAY / W 178 ST,3 AV / ASTOR PL,3626
BROADWAY / W 178 ST,W 168 ST / AUDUBON AV,329
BROADWAY / W 178 ST,AV OF THE AMERICAS / W 14 ST,3780
BROADWAY / W 178 ST,VESEY ST / NORTH END AV,5093
BROADWAY / W 178 ST,E 41 ST / 1 AV,3900
BROADWAY / W 178 ST,HUDSON ST / BETHUNE ST,3780
BROADWAY / W 178 ST,W 66 ST / FREEDOM PL,2640
BROADWAY / W 178 ST,E 60 ST / YORK AV,2940
BROADWAY / W 178 ST,W 66 ST / WEST END AV,2264
BROADWAY / W 178 ST,PARK ROW / BEEKMAN ST,4486
BROADWAY / W 178 ST,STATE ST / WHITEHALL ST,4740
BROADWAY / W 178 ST,GRAND ST / FDR DR,4716
BROADWAY / W 178 ST,W 31 ST / 6 AV,3120
BROADWAY / W 178 ST,BROADWAY / W 220 ST,1111
BROADWAY / W 178 ST,W 54 ST / 11 AV,2700
BROADWAY / W 178 ST,MARGARET CORBIN DR / CLOISTERS,824
BROADWAY / W 178 ST,E 97 ST / 1 AV,2580
BROADWAY / W 178 ST,W 106 ST / BROADWAY,1473
BROADWAY / W 178 ST,PLEASANT AV / E 120 ST,2785
BROADWAY / W 178 ST,W 178 ST / BROADWAY,23
BROADWAY / W 178 ST,E 127 ST / 2 AV,2236
BROADWAY / W 178 ST,WEST ST / CHRISTOPHER ST,3960
BROADWAY / W 178 ST,FT GEORGE AV / 66 FT GEORGE AV,607
BROADWAY / W 178 ST,W 58 ST / BROADWAY,2270
BROADWAY / W 178 ST,146 ST / LENOX AV,1867
BROADWAY / W 178 ST,CENTRE ST / BROOME ST,4328
BROADWAY / W 178 ST,E 91 ST / 1 AV,2819
BROADWAY / W 178 ST,E 72 ST / YORK AV,3551
BROADWAY / W 178 ST,LIC,3918
E 127 ST / 2 AV,LEXINGTON AV / E 125 ST,100
E 127 ST / 2 AV,4 AV / E 9 ST,2195
E 127 ST / 2 AV,12 AV / W 42 ST,2892
E 127 ST / 2 AV,AMSTERDAM AV / W 129 ST,919
E 127 ST / 2 AV,3 AV / ASTOR PL,2848
E 127 ST / 2 AV,W 168 ST / AUDUBON AV,2028
E 127 ST / 2 AV,AV OF THE AMERICAS / W 14 ST,2486
E 127 ST / 2 AV,VESEY ST / NORTH END AV,3785
E 127 ST / 2 AV,E 41 ST / 1 AV,1752
E 127 ST / 2 AV,HUDSON ST / BETHUNE ST,3132
E 127 ST / 2 AV,W 66 ST / FREEDOM PL,2678
E 127 ST / 2 AV,E 60 ST / YORK AV,1572
E 127 ST / 2 AV,W 66 ST / WEST END AV,2492
E 127 ST / 2 AV,PARK ROW / BEEKMAN ST,3153
E 127 ST / 2 AV,STATE ST / WHITEHALL ST,3258
E 127 ST / 2 AV,GRAND ST / FDR DR,2868
E 127 ST / 2 AV,W 31 ST / 6 AV,2549
E 127 ST / 2 AV,BROADWAY / W 220 ST,3360
E 127 ST / 2 AV,W 54 ST / 11 AV,2894
E 127 ST / 2 AV,MARGARET CORBIN DR / CLOISTERS,3073
E 127 ST / 2 AV,E 97 ST / 1 AV,818
E 127 ST / 2 AV,W 106 ST / BROADWAY,1232
E 127 ST / 2 AV,PLEASANT AV / E 120 ST,379
E 127 ST / 2 AV,W 178 ST / BROADWAY,2318
E 127 ST / 2 AV,WEST ST / CHRISTOPHER ST,3998
E 127 ST / 2 AV,FT GEORGE AV / 66 FT GEORGE AV,2589
E 127 ST / 2 AV,W 58 ST / BROADWAY,2498
E 127 ST / 2 AV,146 ST / LENOX AV,1140
E 127 ST / 2 AV,CENTRE ST / BROOME ST,3432
E 127 ST / 2 AV,E 91 ST / 1 AV,920
E 127 ST / 2 AV,E 72 ST / YORK AV,1846
E 127 ST / 2 AV,LIC,3168
E 92 ST / 1 AV,LEXINGTON AV / E 125 ST,1279
E 92 ST / 1 AV,4 AV / E 9 ST,2031
E 92 ST / 1 AV,12 AV / W 42 ST,2548
E 92 ST / 1 AV,AMSTERDAM AV / W 129 ST,1974
E 92 ST / 1 AV,3 AV / ASTOR PL,2338
E 92 ST / 1 AV,W 168 ST / AUDUBON AV,2933
E 92 ST / 1 AV,AV OF THE AMERICAS / W 14 ST,2442
E 92 ST / 1 AV,VESEY ST / NORTH END AV,3810
E 92 ST / 1 AV,E 41 ST / 1 AV,1588
E 92 ST / 1 AV,HUDSON ST / BETHUNE ST,2841
E 92 ST / 1 AV,W 66 ST / FREEDOM PL,1725
E 92 ST / 1 AV,E 60 ST / YORK AV,872
E 92 ST / 1 AV,W 66 ST / WEST END AV,1592
E 92 ST / 1 AV,PARK ROW / BEEKMAN ST,3028
E 92 ST / 1 AV,STATE ST / WHITEHALL ST,3094
E 92 ST / 1 AV,GRAND ST / FDR DR,2608
E 92 ST / 1 AV,W 31 ST / 6 AV,2155
E 92 ST / 1 AV,BROADWAY / W 220 ST,4244
E 92 ST / 1 AV,W 54 ST / 11 AV,1952
E 92 ST / 1 AV,MARGARET CORBIN DR / CLOISTERS,3521
E 92 ST / 1 AV,E 97 ST / 1 AV,352
E 92 ST / 1 AV,W 106 ST / BROADWAY,2305
E 92 ST / 1 AV,PLEASANT AV / E 120 ST,1001
E 92 ST / 1 AV,W 178 ST / BROADWAY,3207
E 92 ST / 1 AV,E 127 ST / 2 AV,906
E 92 ST / 1 AV,WEST ST / CHRISTOPHER ST,2668
E 92 ST / 1 AV,FT GEORGE AV / 66 FT GEORGE AV,3485
E 92 ST / 1 AV,W 58 ST / BROADWAY,1742
E 92 ST / 1 AV,146 ST / LENOX AV,1971
E 92 ST / 1 AV,CENTRE ST / BROOME ST,2822
E 92 ST / 1 AV,E 72 ST / YORK AV,546
E 92 ST / 1 AV,LIC,2618
MADISON AV / E 32 ST,LEXINGTON AV / E 125 ST,2517
MADISON AV / E 32 ST,4 AV / E 9 ST,913
MADISON AV / E 32 ST,12 AV / W 42 ST,1281
MADISON AV / E 32 ST,AMSTERDAM AV / W 129 ST,2483
MADISON AV / E 32 ST,3 AV / ASTOR PL,662
MADISON AV / E 32 ST,W 168 ST / AUDUBON AV,3190
MADISON AV / E 32 ST,AV OF THE AMERICAS / W 14 ST,622
MADISON AV / E 32 ST,VESEY ST / NORTH END AV,1583
MADISON AV / E 32 ST,E 41 ST / 1 AV,717
MADISON AV / E 32 ST,HUDSON ST / BETHUNE ST,1480
MADISON AV / E 32 ST,W 66 ST / FREEDOM PL,1247
MADISON AV / E 32 ST,E 60 ST / YORK AV,1257
MADISON AV / E 32 ST,W 66 ST / WEST END AV,1114
MADISON AV / E 32 ST,PARK ROW / BEEKMAN ST,1217
MADISON AV / E 32 ST,STATE ST / WHITEHALL ST,1436
MADISON AV / E 32 ST,GRAND ST / FDR DR,1853
MADISON AV / E 32 ST,W 31 ST / 6 AV,291
MADISON AV / E 32 ST,BROADWAY / W 220 ST,4875
MADISON AV / E 32 ST,W 54 ST / 11 AV,1746
MADISON AV / E 32 ST,MARGARET CORBIN DR / CLOISTERS,3814
MADISON AV / E 32 ST,E 97 ST / 1 AV,2153
MADISON AV / E 32 ST,W 106 ST / BROADWAY,2125
MADISON AV / E 32 ST,PLEASANT AV / E 120 ST,2781
MADISON AV / E 32 ST,W 178 ST / BROADWAY,3500
MADISON AV / E 32 ST,E 127 ST / 2 AV,2435
MADISON AV / E 32 ST,WEST ST / CHRISTOPHER ST,2207
MADISON AV / E 32 ST,FT GEORGE AV / 66 FT GEORGE AV,4054
MADISON AV / E 32 ST,W 58 ST / BROADWAY,1046
MADISON AV / E 32 ST,146 ST / LENOX AV,2290
MADISON AV / E 32 ST,CENTRE ST / BROOME ST,1102
MADISON AV / E 32 ST,E 91 ST / 1 AV,2037
MADISON AV / E 32 ST,E 72 ST / YORK AV,1545
MADISON AV / E 32 ST,LIC,1533
W 96 ST / WEST END AV,LEXINGTON AV / E 125 ST,1361
W 96 ST / WEST END AV,4 AV / E 9 ST,2700
W 96 ST / WEST END AV,12 AV / W 42 ST,2619
W 96 ST / WEST END AV,AMSTERDAM AV / W 129 ST,751
W 96 ST / WEST END AV,3 AV / ASTOR PL,2685
W 96 ST / WEST END AV,W 168 ST / AUDUBON AV,1481
W 96 ST / WEST END AV,AV OF THE AMERICAS / W 14 ST,2542
W 96 ST / WEST END AV,VESEY ST / NORTH END AV,2900
W 96 ST / WEST END AV,E 41 ST / 1 AV,2276
W 96 ST / WEST END AV,HUDSON ST / BETHUNE ST,2447
W 96 ST / WEST END AV,W 66 ST / FREEDOM PL,1316
W 96 ST / WEST END AV,E 60 ST / YORK AV,1733
W 96 ST / WEST END AV,W 66 ST / WEST END AV,1057
W 96 ST / WEST END AV,PARK ROW / BEEKMAN ST,3109
W 96 ST / WEST END AV,STATE ST / WHITEHALL ST,3173
W 96 ST / WEST END AV,GRAND ST / FDR DR,3516
W 96 ST / WEST END AV,W 31 ST / 6 AV,1913
W 96 ST / WEST END AV,BROADWAY / W 220 ST,2789
W 96 ST / WEST END AV,W 54 ST / 11 AV,1433
W 96 ST / WEST END AV,MARGARET CORBIN DR / CLOISTERS,2553
W 96 ST / WEST END AV,E 97 ST / 1 AV,780
W 96 ST / WEST END AV,W 106 ST / BROADWAY,470
W 96 ST / WEST END AV,PLEASANT AV / E 120 ST,1515
W 96 ST / WEST END AV,W 178 ST / BROADWAY,1668
W 96 ST / WEST END AV,E 127 ST / 2 AV,1334
W 96 ST / WEST END AV,WEST ST / CHRISTOPHER ST,2760
W 96 ST / WEST END AV,FT GEORGE AV / 66 FT GEORGE AV,2328
W 96 ST / WEST END AV,W 58 ST / BROADWAY,1063
W 96 ST / WEST END AV,146 ST / LENOX AV,1515
W 96 ST / WEST END AV,CENTRE ST / BROOME ST,2760
W 96 ST / WEST END AV,E 91 ST / 1 AV,1019
W 96 ST / WEST END AV,E 72 ST / YORK AV,1894
W 96 ST / WEST END AV,LIC,3209
PLEASANT AV / E 120 ST,LEXINGTON AV / E 125 ST,696
PLEASANT AV / E 120 ST,4 AV / E 9 ST,2945
PLEASANT AV / E 120 ST,12 AV / W 42 ST,2940
PLEASANT AV / E 120 ST,AMSTERDAM AV / W 129 ST,1453
PLEASANT AV / E 120 ST,3 AV / ASTOR PL,2692
PLEASANT AV / E 120 ST,W 168 ST / AUDUBON AV,2412
PLEASANT AV / E 120 ST,AV OF THE AMERICAS / W 14 ST,2542
PLEASANT AV / E 120 ST,VESEY ST / NORTH END AV,4433
PLEASANT AV / E 120 ST,E 41 ST / 1 AV,2400
PLEASANT AV / E 120 ST,HUDSON ST / BETHUNE ST,2933
PLEASANT AV / E 120 ST,W 66 ST / FREEDOM PL,2173
PLEASANT AV / E 120 ST,E 60 ST / YORK AV,2220
PLEASANT AV / E 120 ST,W 66 ST / WEST END AV,2040
PLEASANT AV / E 120 ST,PARK ROW / BEEKMAN ST,4200
PLEASANT AV / E 120 ST,STATE ST / WHITEHALL ST,3906
PLEASANT AV / E 120 ST,GRAND ST / FDR DR,3516
PLEASANT AV / E 120 ST,W 31 ST / 6 AV,2987
PLEASANT AV / E 120 ST,BROADWAY / W 220 ST,3660
PLEASANT AV / E 120 ST,W 54 ST / 11 AV,2400
PLEASANT AV / E 120 ST,MARGARET CORBIN DR / CLOISTERS,3540
PLEASANT AV / E 120 ST,E 97 ST / 1 AV,866
PLEASANT AV / E 120 ST,W 106 ST / BROADWAY,1320
PLEASANT AV / E 120 ST,W 178 ST / BROADWAY,3226
PLEASANT AV / E 120 ST,E 127 ST / 2 AV,507
PLEASANT AV / E 120 ST,WEST ST / CHRISTOPHER ST,2760
PLEASANT AV / E 120 ST,FT GEORGE AV / 66 FT GEORGE AV,2964
PLEASANT AV / E 120 ST,W 58 ST / BROADWAY,2138
PLEASANT AV / E 120 ST,146 ST / LENOX AV,1440
PLEASANT AV / E 120 ST,CENTRE ST / BROOME ST,2760
PLEASANT AV / E 120 ST,E 91 ST / 1 AV,968
PLEASANT AV / E 120 ST,E 72 ST / YORK AV,1894
PLEASANT AV / E 120 ST,LIC,3216
W 106 ST / BROADWAY,LEXINGTON AV / E 125 ST,1071
W 106 ST / BROADWAY,4 AV / E 9 ST,2805
W 106 ST / BROADWAY,12 AV / W 42 ST,2075
W 106 ST / BROADWAY,AMSTERDAM AV / W 129 ST,521
W 106 ST / BROADWAY,3 AV / ASTOR PL,2644
W 106 ST / BROADWAY,W 168 ST / AUDUBON AV,1389
W 106 ST / BROADWAY,AV OF THE AMERICAS / W 14 ST,2195
W 106 ST / BROADWAY,VESEY ST / NORTH END AV,3672
W 106 ST / BROADWAY,E 41 ST / 1 AV,2839
W 106 ST / BROADWAY,HUDSON ST / BETHUNE ST,2315
W 106 ST / BROADWAY,W 66 ST / FREEDOM PL,1412
W 106 ST / BROADWAY,E 60 ST / YORK AV,2315
W 106 ST / BROADWAY,W 66 ST / WEST END AV,1203
W 106 ST / BROADWAY,PARK ROW / BEEKMAN ST,3040
W 106 ST / BROADWAY,STATE ST / WHITEHALL ST,3259
W 106 ST / BROADWAY,GRAND ST / FDR DR,3611
W 106 ST / BROADWAY,W 31 ST / 6 AV,2059
W 106 ST / BROADWAY,BROADWAY / W 220 ST,2697
W 106 ST / BROADWAY,W 54 ST / 11 AV,1639
W 106 ST / BROADWAY,MARGARET CORBIN DR / CLOISTERS,2461
W 106 ST / BROADWAY,E 97 ST / 1 AV,1175
W 106 ST / BROADWAY,PLEASANT AV / E 120 ST,1380
W 106 ST / BROADWAY,W 178 ST / BROADWAY,1576
W 106 ST / BROADWAY,E 127 ST / 2 AV,1187
W 106 ST / BROADWAY,WEST ST / CHRISTOPHER ST,3695
W 106 ST / BROADWAY,FT GEORGE AV / 66 FT GEORGE AV,2236
W 106 ST / BROADWAY,W 58 ST / BROADWAY,1209
W 106 ST / BROADWAY,146 ST / LENOX AV,1297
W 106 ST / BROADWAY,CENTRE ST / BROOME ST,2925
W 106 ST / BROADWAY,E 91 ST / 1 AV,1414
W 106 ST / BROADWAY,E 72 ST / YORK AV,2119
W 106 ST / BROADWAY,LIC,3757
6 AV / W 31 ST,LEXINGTON AV / E 125 ST,2237
6 AV / W 31 ST,4 AV / E 9 ST,1288
6 AV / W 31 ST,12 AV / W 42 ST,1208
6 AV / W 31 ST,AMSTERDAM AV / W 129 ST,2809
6 AV / W 31 ST,3 AV / ASTOR PL,728
6 AV / W 31 ST,W 168 ST / AUDUBON AV,3113
6 AV / W 31 ST,AV OF THE AMERICAS / W 14 ST,688
6 AV / W 31 ST,VESEY ST / NORTH END AV,1461
6 AV / W 31 ST,E 41 ST / 1 AV,878
6 AV / W 31 ST,HUDSON ST / BETHUNE ST,1060
6 AV / W 31 ST,W 66 ST / FREEDOM PL,1830
6 AV / W 31 ST,E 60 ST / YORK AV,1418
6 AV / W 31 ST,W 66 ST / WEST END AV,1629
6 AV / W 31 ST,PARK ROW / BEEKMAN ST,1268
6 AV / W 31 ST,STATE ST / WHITEHALL ST,1487
6 AV / W 31 ST,GRAND ST / FDR DR,1919
6 AV / W 31 ST,W 31 ST / 6 AV,25
6 AV / W 31 ST,BROADWAY / W 220 ST,4800
6 AV / W 31 ST,W 54 ST / 11 AV,1440
6 AV / W 31 ST,MARGARET CORBIN DR / CLOISTERS,4513
6 AV / W 31 ST,E 97 ST / 1 AV,2314
6 AV / W 31 ST,W 106 ST / BROADWAY,2102
6 AV / W 31 ST,PLEASANT AV / E 120 ST,2678
6 AV / W 31 ST,W 178 ST / BROADWAY,3300
6 AV / W 31 ST,E 127 ST / 2 AV,2703
6 AV / W 31 ST,WEST ST / CHRISTOPHER ST,1499
6 AV / W 31 ST,FT GEORGE AV / 66 FT GEORGE AV,4200
6 AV / W 31 ST,W 58 ST / BROADWAY,910
6 AV / W 31 ST,146 ST / LENOX AV,2538
6 AV / W 31 ST,CENTRE ST / BROOME ST,1153
6 AV / W 31 ST,E 91 ST / 1 AV,2083
6 AV / W 31 ST,E 72 ST / YORK AV,1706
6 AV / W 31 ST,LIC,1694
BROADWAY / W 219 ST,LEXINGTON AV / E 125 ST,3563
BROADWAY / W 219 ST,4 AV / E 9 ST,5384
BROADWAY / W 219 ST,12 AV / W 42 ST,5463
BROADWAY / W 219 ST,AMSTERDAM AV / W 129 ST,2752
BROADWAY / W 219 ST,3 AV / ASTOR PL,5328
BROADWAY / W 219 ST,W 168 ST / AUDUBON AV,1350
BROADWAY / W 219 ST,AV OF THE AMERICAS / W 14 ST,5270
BROADWAY / W 219 ST,VESEY ST / NORTH END AV,6476
BROADWAY / W 219 ST,E 41 ST / 1 AV,5523
BROADWAY / W 219 ST,HUDSON ST / BETHUNE ST,5636
BROADWAY / W 219 ST,W 66 ST / FREEDOM PL,4323
BROADWAY / W 219 ST,E 60 ST / YORK AV,5487
BROADWAY / W 219 ST,W 66 ST / WEST END AV,3930
BROADWAY / W 219 ST,PARK ROW / BEEKMAN ST,6759
BROADWAY / W 219 ST,STATE ST / WHITEHALL ST,6843
BROADWAY / W 219 ST,GRAND ST / FDR DR,6519
BROADWAY / W 219 ST,W 31 ST / 6 AV,4923
BROADWAY / W 219 ST,W 54 ST / 11 AV,4964
BROADWAY / W 219 ST,MARGARET CORBIN DR / CLOISTERS,679
BROADWAY / W 219 ST,E 97 ST / 1 AV,4503
BROADWAY / W 219 ST,W 106 ST / BROADWAY,3096
BROADWAY / W 219 ST,PLEASANT AV / E 120 ST,4566
BROADWAY / W 219 ST,W 178 ST / BROADWAY,1044
BROADWAY / W 219 ST,E 127 ST / 2 AV,3786
BROADWAY / W 219 ST,WEST ST / CHRISTOPHER ST,5583
BROADWAY / W 219 ST,FT GEORGE AV / 66 FT GEORGE AV,670
BROADWAY / W 219 ST,W 58 ST / BROADWAY,4013
BROADWAY / W 219 ST,146 ST / LENOX AV,2950
BROADWAY / W 219 ST,CENTRE ST / BROOME ST,5943
BROADWAY / W 219 ST,E 91 ST / 1 AV,4803
BROADWAY / W 219 ST,E 72 ST / YORK AV,5560
BROADWAY / W 219 ST,LIC,6039
E 10 ST / AV D,LEXINGTON AV / E 125 ST,2939
E 10 ST / AV D,4 AV / E 9 ST,509
E 10 ST / AV D,12 AV / W 42 ST,2037
E 10 ST / AV D,AMSTERDAM AV / W 129 ST,3433
E 10 ST / AV D,3 AV / ASTOR PL,542
E 10 ST / AV D,W 168 ST / AUDUBON AV,3840
E 10 ST / AV D,AV OF THE AMERICAS / W 14 ST,1029
E 10 ST / AV D,VESEY ST / NORTH END AV,1767
E 10 ST / AV D,E 41 ST / 1 AV,1444
E 10 ST / AV D,HUDSON ST / BETHUNE ST,1166
E 10 ST / AV D,W 66 ST / FREEDOM PL,3240
E 10 ST / AV D,E 60 ST / YORK AV,2134
E 10 ST / AV D,W 66 ST / WEST END AV,2829
E 10 ST / AV D,PARK ROW / BEEKMAN ST,1401
E 10 ST / AV D,STATE ST / WHITEHALL ST,1620
E 10 ST / AV D,GRAND ST / FDR DR,794
E 10 ST / AV D,W 31 ST / 6 AV,1280
E 10 ST / AV D,BROADWAY / W 220 ST,6180
E 10 ST / AV D,W 54 ST / 11 AV,2358
E 10 ST / AV D,MARGARET CORBIN DR / CLOISTERS,5940
E 10 ST / AV D,E 97 ST / 1 AV,2251
E 10 ST / AV D,W 106 ST / BROADWAY,3302
E 10 ST / AV D,PLEASANT AV / E 120 ST,2615
E 10 ST / AV D,W 178 ST / BROADWAY,4843
E 10 ST / AV D,E 127 ST / 2 AV,2640
E 10 ST / AV D,WEST ST / CHRISTOPHER ST,960
E 10 ST / AV D,FT GEORGE AV / 66 FT GEORGE AV,5040
E 10 ST / AV D,W 58 ST / BROADWAY,2460
E 10 ST / AV D,146 ST / LENOX AV,3240
E 10 ST / AV D,CENTRE ST / BROOME ST,1320
E 10 ST / AV D,E 91 ST / 1 AV,2512
E 10 ST / AV D,E 72 ST / YORK AV,2495
E 10 ST / AV D,LIC,2831
8 Av / W 12 ST,LEXINGTON AV / E 125 ST,2759
8 Av / W 12 ST,4 AV / E 9 ST,865
8 Av / W 12 ST,12 AV / W 42 ST,837
8 Av / W 12 ST,AMSTERDAM AV / W 129 ST,2678
8 Av / W 12 ST,3 AV / ASTOR PL,908
8 Av / W 12 ST,W 168 ST / AUDUBON AV,3564
8 Av / W 12 ST,AV OF THE AMERICAS / W 14 ST,357
8 Av / W 12 ST,VESEY ST / NORTH END AV,1063
8 Av / W 12 ST,E 41 ST / 1 AV,1708
8 Av / W 12 ST,HUDSON ST / BETHUNE ST,367
8 Av / W 12 ST,W 66 ST / FREEDOM PL,1516
8 Av / W 12 ST,E 60 ST / YORK AV,1619
8 Av / W 12 ST,W 66 ST / WEST END AV,1919
8 Av / W 12 ST,PARK ROW / BEEKMAN ST,1280
8 Av / W 12 ST,STATE ST / WHITEHALL ST,1499
8 Av / W 12 ST,GRAND ST / FDR DR,1595
8 Av / W 12 ST,W 31 ST / 6 AV,651
8 Av / W 12 ST,BROADWAY / W 220 ST,5431
8 Av / W 12 ST,W 54 ST / 11 AV,1195
8 Av / W 12 ST,MARGARET CORBIN DR / CLOISTERS,5712
8 Av / W 12 ST,E 97 ST / 1 AV,2215
8 Av / W 12 ST,W 106 ST / BROADWAY,2521
8 Av / W 12 ST,PLEASANT AV / E 120 ST,2579
8 Av / W 12 ST,W 178 ST / BROADWAY,3751
8 Av / W 12 ST,E 127 ST / 2 AV,2604
8 Av / W 12 ST,WEST ST / CHRISTOPHER ST,500
8 Av / W 12 ST,FT GEORGE AV / 66 FT GEORGE AV,4255
8 Av / W 12 ST,W 58 ST / BROADWAY,1320
8 Av / W 12 ST,146 ST / LENOX AV,3899
8 Av / W 12 ST,CENTRE ST / BROOME ST,1165
8 Av / W 12 ST,E 91 ST / 1 AV,2776
8 Av / W 12 ST,E 72 ST / YORK AV,2373
8 Av / W 12 ST,LIC,3095
AV OF THE AMERICAS / W 15 ST,LEXINGTON AV / E 125 ST,2339
AV OF THE AMERICAS / W 15 ST,4 AV / E 9 ST,625
AV OF THE AMERICAS / W 15 ST,12 AV / W 42 ST,1558
AV OF THE AMERICAS / W 15 ST,AMSTERDAM AV / W 129 ST,2827
AV OF THE AMERICAS / W 15 ST,3 AV / ASTOR PL,514
AV OF THE AMERICAS / W 15 ST,W 168 ST / AUDUBON AV,3779
AV OF THE AMERICAS / W 15 ST,AV OF THE AMERICAS / W 14 ST,68
AV OF THE AMERICAS / W 15 ST,VESEY ST / NORTH END AV,1163
AV OF THE AMERICAS / W 15 ST,E 41 ST / 1 AV,1468
AV OF THE AMERICAS / W 15 ST,HUDSON ST / BETHUNE ST,380
AV OF THE AMERICAS / W 15 ST,W 66 ST / FREEDOM PL,1573
AV OF THE AMERICAS / W 15 ST,E 60 ST / YORK AV,1140
AV OF THE AMERICAS / W 15 ST,W 66 ST / WEST END AV,1440
AV OF THE AMERICAS / W 15 ST,PARK ROW / BEEKMAN ST,978
AV OF THE AMERICAS / W 15 ST,STATE ST / WHITEHALL ST,1197
AV OF THE AMERICAS / W 15 ST,GRAND ST / FDR DR,1355
AV OF THE AMERICAS / W 15 ST,W 31 ST / 6 AV,172
AV OF THE AMERICAS / W 15 ST,BROADWAY / W 220 ST,5201
AV OF THE AMERICAS / W 15 ST,W 54 ST / 11 AV,1465
AV OF THE AMERICAS / W 15 ST,MARGARET CORBIN DR / CLOISTERS,4498
AV OF THE AMERICAS / W 15 ST,E 97 ST / 1 AV,1975
AV OF THE AMERICAS / W 15 ST,W 106 ST / BROADWAY,2670
AV OF THE AMERICAS / W 15 ST,PLEASANT AV / E 120 ST,2339
AV OF THE AMERICAS / W 15 ST,W 178 ST / BROADWAY,3900
AV OF THE AMERICAS / W 15 ST,E 127 ST / 2 AV,2364
AV OF THE AMERICAS / W 15 ST,WEST ST / CHRISTOPHER ST,614
AV OF THE AMERICAS / W 15 ST,FT GEORGE AV / 66 FT GEORGE AV,4525
AV OF THE AMERICAS / W 15 ST,W 58 ST / BROADWAY,841
AV OF THE AMERICAS / W 15 ST,146 ST / LENOX AV,3179
AV OF THE AMERICAS / W 15 ST,CENTRE ST / BROOME ST,863
AV OF THE AMERICAS / W 15 ST,E 91 ST / 1 AV,2536
AV OF THE AMERICAS / W 15 ST,E 72 ST / YORK AV,2280
AV OF THE AMERICAS / W 15 ST,LIC,2616
MALCOLM X BL / W 146 ST,LEXINGTON AV / E 125 ST,740
MALCOLM X BL / W 146 ST,4 AV / E 9 ST,2700
MALCOLM X BL / W 146 ST,12 AV / W 42 ST,2940
MALCOLM X BL / W 146 ST,AMSTERDAM AV / W 129 ST,1219
MALCOLM X BL / W 146 ST,3 AV / ASTOR PL,2692
MALCOLM X BL / W 146 ST,W 168 ST / AUDUBON AV,1357
MALCOLM X BL / W 146 ST,AV OF THE AMERICAS / W 14 ST,2542
MALCOLM X BL / W 146 ST,VESEY ST / NORTH END AV,4433
MALCOLM X BL / W 146 ST,E 41 ST / 1 AV,2400
MALCOLM X BL / W 146 ST,HUDSON ST / BETHUNE ST,2933
MALCOLM X BL / W 146 ST,W 66 ST / FREEDOM PL,2173
MALCOLM X BL / W 146 ST,E 60 ST / YORK AV,2664
MALCOLM X BL / W 146 ST,W 66 ST / WEST END AV,2040
MALCOLM X BL / W 146 ST,PARK ROW / BEEKMAN ST,3801
MALCOLM X BL / W 146 ST,STATE ST / WHITEHALL ST,4020
MALCOLM X BL / W 146 ST,GRAND ST / FDR DR,3816
MALCOLM X BL / W 146 ST,W 31 ST / 6 AV,2373
MALCOLM X BL / W 146 ST,BROADWAY / W 220 ST,2351
MALCOLM X BL / W 146 ST,W 54 ST / 11 AV,2400
MALCOLM X BL / W 146 ST,MARGARET CORBIN DR / CLOISTERS,2064
MALCOLM X BL / W 146 ST,E 97 ST / 1 AV,1980
MALCOLM X BL / W 146 ST,W 106 ST / BROADWAY,1604
MALCOLM X BL / W 146 ST,PLEASANT AV / E 120 ST,1800
MALCOLM X BL / W 146 ST,W 178 ST / BROADWAY,1749
MALCOLM X BL / W 146 ST,E 127 ST / 2 AV,1009
MALCOLM X BL / W 146 ST,WEST ST / CHRISTOPHER ST,2760
MALCOLM X BL / W 146 ST,FT GEORGE AV / 66 FT GEORGE AV,1946
MALCOLM X BL / W 146 ST,W 58 ST / BROADWAY,2138
MALCOLM X BL / W 146 ST,146 ST / LENOX AV,16
MALCOLM X BL / W 146 ST,CENTRE ST / BROOME ST,2760
MALCOLM X BL / W 146 ST,E 91 ST / 1 AV,2400
MALCOLM X BL / W 146 ST,E 72 ST / YORK AV,2880
MALCOLM X BL / W 146 ST,LIC,3216
W 54 ST / 11 AV,LEXINGTON AV / E 125 ST,2132
W 54 ST / 11 AV,4 AV / E 9 ST,2017
W 54 ST / 11 AV,12 AV / W 42 ST,597
W 54 ST / 11 AV,AMSTERDAM AV / W 129 ST,1555
W 54 ST / 11 AV,3 AV / ASTOR PL,1796
W 54 ST / 11 AV,W 168 ST / AUDUBON AV,2751
W 54 ST / 11 AV,AV OF THE AMERICAS / W 14 ST,1469
W 54 ST / 11 AV,VESEY ST / NORTH END AV,2307
W 54 ST / 11 AV,E 41 ST / 1 AV,1605
W 54 ST / 11 AV,HUDSON ST / BETHUNE ST,1257
W 54 ST / 11 AV,W 66 ST / FREEDOM PL,684
W 54 ST / 11 AV,E 60 ST / YORK AV,1171
W 54 ST / 11 AV,W 66 ST / WEST END AV,639
W 54 ST / 11 AV,PARK ROW / BEEKMAN ST,2372
W 54 ST / 11 AV,STATE ST / WHITEHALL ST,2591
W 54 ST / 11 AV,GRAND ST / FDR DR,2687
W 54 ST / 11 AV,W 31 ST / 6 AV,1183
W 54 ST / 11 AV,BROADWAY / W 220 ST,4599
W 54 ST / 11 AV,MARGARET CORBIN DR / CLOISTERS,3339
W 54 ST / 11 AV,E 97 ST / 1 AV,1779
W 54 ST / 11 AV,W 106 ST / BROADWAY,1650
W 54 ST / 11 AV,PLEASANT AV / E 120 ST,2799
W 54 ST / 11 AV,W 178 ST / BROADWAY,3099
W 54 ST / 11 AV,E 127 ST / 2 AV,2250
W 54 ST / 11 AV,WEST ST / CHRISTOPHER ST,1965
W 54 ST / 11 AV,FT GEORGE AV / 66 FT GEORGE AV,3303
W 54 ST / 11 AV,W 58 ST / BROADWAY,366
W 54 ST / 11 AV,146 ST / LENOX AV,2640
W 54 ST / 11 AV,CENTRE ST / BROOME ST,2257
W 54 ST / 11 AV,E 91 ST / 1 AV,1805
W 54 ST / 11 AV,E 72 ST / YORK AV,1428
W 54 ST / 11 AV,LIC,2616
BROADWAY / W 63 ST,LEXINGTON AV / E 125 ST,2079
BROADWAY / W 63 ST,4 AV / E 9 ST,1785
BROADWAY / W 63 ST,12 AV / W 42 ST,1043
BROADWAY / W 63 ST,AMSTERDAM AV / W 129 ST,1502
BROADWAY / W 63 ST,3 AV / ASTOR PL,1851
BROADWAY / W 63 ST,W 168 ST / AUDUBON AV,2236
BROADWAY / W 63 ST,AV OF THE AMERICAS / W 14 ST,1039
BROADWAY / W 63 ST,VESEY ST / NORTH END AV,1767
BROADWAY / W 63 ST,E 41 ST / 1 AV,1260
BROADWAY / W 63 ST,HUDSON ST / BETHUNE ST,1178
BROADWAY / W 63 ST,W 66 ST / FREEDOM PL,631
BROADWAY / W 63 ST,E 60 ST / YORK AV,1127
BROADWAY / W 63 ST,W 66 ST / WEST END AV,346
BROADWAY / W 63 ST,PARK ROW / BEEKMAN ST,1976
BROADWAY / W 63 ST,STATE ST / WHITEHALL ST,2040
BROADWAY / W 63 ST,GRAND ST / FDR DR,2515
BROADWAY / W 63 ST,W 31 ST / 6 AV,1026
BROADWAY / W 63 ST,BROADWAY / W 220 ST,3923
BROADWAY / W 63 ST,W 54 ST / 11 AV,537
BROADWAY / W 63 ST,MARGARET CORBIN DR / CLOISTERS,3507
BROADWAY / W 63 ST,E 97 ST / 1 AV,1861
BROADWAY / W 63 ST,W 106 ST / BROADWAY,1377
BROADWAY / W 63 ST,PLEASANT AV / E 120 ST,2617
BROADWAY / W 63 ST,W 178 ST / BROADWAY,2423
BROADWAY / W 63 ST,E 127 ST / 2 AV,2197
BROADWAY / W 63 ST,WEST ST / CHRISTOPHER ST,1620
BROADWAY / W 63 ST,FT GEORGE AV / 66 FT GEORGE AV,3250
BROADWAY / W 63 ST,W 58 ST / BROADWAY,315
BROADWAY / W 63 ST,146 ST / LENOX AV,2399
BROADWAY / W 63 ST,CENTRE ST / BROOME ST,1919
BROADWAY / W 63 ST,E 91 ST / 1 AV,1747
BROADWAY / W 63 ST,E 72 ST / YORK AV,890
BROADWAY / W 63 ST,LIC,2375
WEST 66 ST / FREEDOM PL,LEXINGTON AV / E 125 ST,2081
WEST 66 ST / FREEDOM PL,4 AV / E 9 ST,2486
WEST 66 ST / FREEDOM PL,12 AV / W 42 ST,2179
WEST 66 ST / FREEDOM PL,AMSTERDAM AV / W 129 ST,1504
WEST 66 ST / FREEDOM PL,3 AV / ASTOR PL,2025
WEST 66 ST / FREEDOM PL,W 168 ST / AUDUBON AV,2700
WEST 66 ST / FREEDOM PL,AV OF THE AMERICAS / W 14 ST,1740
WEST 66 ST / FREEDOM PL,VESEY ST / NORTH END AV,2460
WEST 66 ST / FREEDOM PL,E 41 ST / 1 AV,1913
WEST 66 ST / FREEDOM PL,HUDSON ST / BETHUNE ST,1553
WEST 66 ST / FREEDOM PL,W 66 ST / FREEDOM PL,8
WEST 66 ST / FREEDOM PL,E 60 ST / YORK AV,1293
WEST 66 ST / FREEDOM PL,W 66 ST / WEST END AV,128
WEST 66 ST / FREEDOM PL,PARK ROW / BEEKMAN ST,2669
WEST 66 ST / FREEDOM PL,STATE ST / WHITEHALL ST,2820
WEST 66 ST / FREEDOM PL,GRAND ST / FDR DR,3216
WEST 66 ST / FREEDOM PL,W 31 ST / 6 AV,1727
WEST 66 ST / FREEDOM PL,BROADWAY / W 220 ST,4548
WEST 66 ST / FREEDOM PL,W 54 ST / 11 AV,993
WEST 66 ST / FREEDOM PL,MARGARET CORBIN DR / CLOISTERS,3288
WEST 66 ST / FREEDOM PL,E 97 ST / 1 AV,1931
WEST 66 ST / FREEDOM PL,W 106 ST / BROADWAY,1410
WEST 66 ST / FREEDOM PL,PLEASANT AV / E 120 ST,2748
WEST 66 ST / FREEDOM PL,W 178 ST / BROADWAY,2974
WEST 66 ST / FREEDOM PL,E 127 ST / 2 AV,2199
WEST 66 ST / FREEDOM PL,WEST ST / CHRISTOPHER ST,2313
WEST 66 ST / FREEDOM PL,FT GEORGE AV / 66 FT GEORGE AV,3252
WEST 66 ST / FREEDOM PL,W 58 ST / BROADWAY,938
WEST 66 ST / FREEDOM PL,146 ST / LENOX AV,2793
WEST 66 ST / FREEDOM PL,CENTRE ST / BROOME ST,2313
WEST 66 ST / FREEDOM PL,E 91 ST / 1 AV,1817
WEST 66 ST / FREEDOM PL,E 72 ST / YORK AV,960
WEST 66 ST / FREEDOM PL,LIC,2769
LIC,LEXINGTON AV / E 125 ST,2238
LIC,4 AV / E 9 ST,2048
LIC,12 AV / W 42 ST,2202
LIC,AMSTERDAM AV / W 129 ST,2995
LIC,3 AV / ASTOR PL,1982
LIC,W 168 ST / AUDUBON AV,3402
LIC,AV OF THE AMERICAS / W 14 ST,2104
LIC,VESEY ST / NORTH END AV,3464
LIC,E 41 ST / 1 AV,1962
LIC,HUDSON ST / BETHUNE ST,2495
LIC,W 66 ST / FREEDOM PL,1735
LIC,E 60 ST / YORK AV,1302
LIC,W 66 ST / WEST END AV,1602
LIC,PARK ROW / BEEKMAN ST,2682
LIC,STATE ST / WHITEHALL ST,3582
LIC,GRAND ST / FDR DR,3078
LIC,W 31 ST / 6 AV,1502
LIC,BROADWAY / W 220 ST,5363
LIC,W 54 ST / 11 AV,1962
LIC,MARGARET CORBIN DR / CLOISTERS,4302
LIC,E 97 ST / 1 AV,2198
LIC,W 106 ST / BROADWAY,2613
LIC,PLEASANT AV / E 120 ST,2562
LIC,W 178 ST / BROADWAY,3988
LIC,E 127 ST / 2 AV,2216
LIC,WEST ST / CHRISTOPHER ST,2322
LIC,FT GEORGE AV / 66 FT GEORGE AV,4602
LIC,W 58 ST / BROADWAY,1752
LIC,146 ST / LENOX AV,2802
LIC,CENTRE ST / BROOME ST,2322
LIC,E 91 ST / 1 AV,1967
LIC,E 72 ST / YORK AV,1590
