W 179 ST / BROADWAY,OLMSTEAD AV / SEWARD AV,3605
W 179 ST / BROADWAY,CITY ISLAND AV / ROCHELLE ST,3790
W 179 ST / BROADWAY,BOSTON RD / E 178 ST,2370
W 179 ST / BROADWAY,WHITE PLAINS RD / E GUN HILL RD,2290
W 179 ST / BROADWAY,E 136 ST / LINCOLN AV,2374
W 179 ST / BROADWAY,WESTCHESTER AV / BENSON ST,3612
W 179 ST / BROADWAY,FOOD CENTER DR / TERMINAL,2837
W 179 ST / BROADWAY,KATONAH AV / E 242 ST,3130
W 179 ST / BROADWAY,SEDGWICK AV / FT INDEPENDENCE ST,1740
W 179 ST / BROADWAY,BROADWAY / W 179 ST,73
W 179 ST / BROADWAY,RIVER AV / E 149 ST,1637
W 179 ST / BROADWAY,VALENTINE AV / FORDHAM RD,1527
W 179 ST / BROADWAY,MELROSE AV / E 150 ST,1797
W 179 ST / BROADWAY,179 ST / BROADWAY,77
W 179 ST / BROADWAY,BROADWAY / W 262 ST,2410
W 179 ST / BROADWAY,W 238 ST / BROADWAY,1835
W 179 ST / BROADWAY,BAY PZ / BARTOW AV,3311
W 179 ST / BROADWAY,RIVERSIDE DR W / 157-10 RIVERSIDE DR W,873
W 179 ST / BROADWAY,W 125 ST / 12 AV,1588
W 179 ST / BROADWAY,BAINBRIDGE AV / E 206 ST,2377
W 179 ST / BROADWAY,SOUTHERN BL / BOTANICAL GARDENS,2470
W 179 ST / BROADWAY,RIVERDALE AV / W 263 ST,2230
W 179 ST / BROADWAY,3 AV / E FORDHAM RD,1622
W 179 ST / BROADWAY,W FARMS RD / HOE AV,1977
W 179 ST / BROADWAY,ST NICHOLAS AV / W 167 ST,612
W 179 ST / BROADWAY,VALENTINE AV / E 192 ST,1692
W 179 ST / BROADWAY,RIVERBANK / STATE PARK,1178
W 179 ST / BROADWAY,WALNUT AV / E 133 ST,2854
W 179 ST / BROADWAY,W 231 ST / TIBBETT AV,1528
W 179 ST / BROADWAY,SEDGWICK AV / WEBB AV,1390
W 179 ST / BROADWAY,LIC,5154
BARTOW AV / CO-OP CITY BL,OLMSTEAD AV / SEWARD AV,1657
BARTOW AV / CO-OP CITY BL,CITY ISLAND AV / ROCHELLE ST,1260
BARTOW AV / CO-OP CITY BL,BOSTON RD / E 178 ST,2625
BARTOW AV / CO-OP CITY BL,WHITE PLAINS RD / E GUN HILL RD,1247
BARTOW AV / CO-OP CITY BL,E 136 ST / LINCOLN AV,4605
BARTOW AV / CO-OP CITY BL,WESTCHESTER AV / BENSON ST,1756
BARTOW AV / CO-OP CITY BL,FOOD CENTER DR / TERMINAL,3574
BARTOW AV / CO-OP CITY BL,KATONAH AV / E 242 ST,2457
BARTOW AV / CO-OP CITY BL,SEDGWICK AV / FT INDEPENDENCE ST,2697
BARTOW AV / CO-OP CITY BL,BROADWAY / W 179 ST,3225
BARTOW AV / CO-OP CITY BL,RIVER AV / E 149 ST,4282
BARTOW AV / CO-OP CITY BL,VALENTINE AV / FORDHAM RD,1975
BARTOW AV / CO-OP CITY BL,MELROSE AV / E 150 ST,3451
BARTOW AV / CO-OP CITY BL,179 ST / BROADWAY,3237
BARTOW AV / CO-OP CITY BL,BROADWAY / W 262 ST,4185
BARTOW AV / CO-OP CITY BL,W 179 ST / BROADWAY,3298
BARTOW AV / CO-OP CITY BL,W 238 ST / BROADWAY,3225
BARTOW AV / CO-OP CITY BL,BAY PZ / BARTOW AV,180
BARTOW AV / CO-OP CITY BL,RIVERSIDE DR W / 157-10 RIVERSIDE DR W,4174
BARTOW AV / CO-OP CITY BL,W 125 ST / 12 AV,5184
BARTOW AV / CO-OP CITY BL,BAINBRIDGE AV / E 206 ST,1866
BARTOW AV / CO-OP CITY BL,SOUTHERN BL / BOTANICAL GARDENS,1965
BARTOW AV / CO-OP CITY BL,RIVERDALE AV / W 263 ST,4065
BARTOW AV / CO-OP CITY BL,3 AV / E FORDHAM RD,1944
BARTOW AV / CO-OP CITY BL,W FARMS RD / HOE AV,2636
BARTOW AV / CO-OP CITY BL,ST NICHOLAS AV / W 167 ST,4382
BARTOW AV / CO-OP CITY BL,VALENTINE AV / E 192 ST,2138
BARTOW AV / CO-OP CITY BL,RIVERBANK / STATE PARK,5254
BARTOW AV / CO-OP CITY BL,WALNUT AV / E 133 ST,4654
BARTOW AV / CO-OP CITY BL,W 231 ST / TIBBETT AV,3095
BARTOW AV / CO-OP CITY BL,SEDGWICK AV / WEBB AV,2437
BARTOW AV / CO-OP CITY BL,LIC,8667
BROADWAY / W 262 ST,OLMSTEAD AV / SEWARD AV,4620
BROADWAY / W 262 ST,CITY ISLAND AV / ROCHELLE ST,4200
BROADWAY / W 262 ST,BOSTON RD / E 178 ST,3000
BROADWAY / W 262 ST,WHITE PLAINS RD / E GUN HILL RD,2902
BROADWAY / W 262 ST,E 136 ST / LINCOLN AV,4500
BROADWAY / W 262 ST,WESTCHESTER AV / BENSON ST,4440
BROADWAY / W 262 ST,FOOD CENTER DR / TERMINAL,4800
BROADWAY / W 262 ST,KATONAH AV / E 242 ST,2820
BROADWAY / W 262 ST,SEDGWICK AV / FT INDEPENDENCE ST,1283
BROADWAY / W 262 ST,BROADWAY / W 179 ST,2940
BROADWAY / W 262 ST,RIVER AV / E 149 ST,3840
BROADWAY / W 262 ST,VALENTINE AV / FORDHAM RD,2035
BROADWAY / W 262 ST,MELROSE AV / E 150 ST,3780
BROADWAY / W 262 ST,179 ST / BROADWAY,2952
BROADWAY / W 262 ST,W 179 ST / BROADWAY,3013
BROADWAY / W 262 ST,W 238 ST / BROADWAY,626
BROADWAY / W 262 ST,BAY PZ / BARTOW AV,4141
BROADWAY / W 262 ST,RIVERSIDE DR W / 157-10 RIVERSIDE DR W,3960
BROADWAY / W 262 ST,W 125 ST / 12 AV,4671
BROADWAY / W 262 ST,BAINBRIDGE AV / E 206 ST,2856
BROADWAY / W 262 ST,SOUTHERN BL / BOTANICAL GARDENS,3060
BROADWAY / W 262 ST,RIVERDALE AV / W 263 ST,1920
BROADWAY / W 262 ST,3 AV / E FORDHAM RD,2130
BROADWAY / W 262 ST,W FARMS RD / HOE AV,3979
BROADWAY / W 262 ST,ST NICHOLAS AV / W 167 ST,2940
BROADWAY / W 262 ST,VALENTINE AV / E 192 ST,1937
BROADWAY / W 262 ST,RIVERBANK / STATE PARK,4453
BROADWAY / W 262 ST,WALNUT AV / E 133 ST,5220
BROADWAY / W 262 ST,W 231 ST / TIBBETT AV,1218
BROADWAY / W 262 ST,SEDGWICK AV / WEBB AV,1792
BROADWAY / W 262 ST,LIC,8453
3 AV / 149 ST,OLMSTEAD AV / SEWARD AV,2072
3 AV / 149 ST,CITY ISLAND AV / ROCHELLE ST,3996
3 AV / 149 ST,BOSTON RD / E 178 ST,1295
3 AV / 149 ST,WHITE PLAINS RD / E GUN HILL RD,1884
3 AV / 149 ST,E 136 ST / LINCOLN AV,328
3 AV / 149 ST,WESTCHESTER AV / BENSON ST,2177
3 AV / 149 ST,FOOD CENTER DR / TERMINAL,1680
3 AV / 149 ST,KATONAH AV / E 242 ST,4315
3 AV / 149 ST,SEDGWICK AV / FT INDEPENDENCE ST,2710
3 AV / 149 ST,BROADWAY / W 179 ST,1785
3 AV / 149 ST,RIVER AV / E 149 ST,421
3 AV / 149 ST,VALENTINE AV / FORDHAM RD,1935
3 AV / 149 ST,MELROSE AV / E 150 ST,85
3 AV / 149 ST,179 ST / BROADWAY,1778
3 AV / 149 ST,BROADWAY / W 262 ST,3699
3 AV / 149 ST,W 179 ST / BROADWAY,2408
3 AV / 149 ST,W 238 ST / BROADWAY,3124
3 AV / 149 ST,BAY PZ / BARTOW AV,3640
3 AV / 149 ST,RIVERSIDE DR W / 157-10 RIVERSIDE DR W,1599
3 AV / 149 ST,W 125 ST / 12 AV,2008
3 AV / 149 ST,BAINBRIDGE AV / E 206 ST,1950
3 AV / 149 ST,SOUTHERN BL / BOTANICAL GARDENS,2278
3 AV / 149 ST,RIVERDALE AV / W 263 ST,4179
3 AV / 149 ST,3 AV / E FORDHAM RD,1599
3 AV / 149 ST,W FARMS RD / HOE AV,1133
3 AV / 149 ST,ST NICHOLAS AV / W 167 ST,1342
3 AV / 149 ST,VALENTINE AV / E 192 ST,1977
3 AV / 149 ST,RIVERBANK / STATE PARK,1248
3 AV / 149 ST,WALNUT AV / E 133 ST,1108
3 AV / 149 ST,W 231 ST / TIBBETT AV,3477
3 AV / 149 ST,SEDGWICK AV / WEBB AV,2551
3 AV / 149 ST,LIC,4935
WESTCHESTER AV / LANE  AV,OLMSTEAD AV / SEWARD AV,1261
WESTCHESTER AV / LANE  AV,CITY ISLAND AV / ROCHELLE ST,1756
WESTCHESTER AV / LANE  AV,BOSTON RD / E 178 ST,1119
WESTCHESTER AV / LANE  AV,WHITE PLAINS RD / E GUN HILL RD,2122
WESTCHESTER AV / LANE  AV,E 136 ST / LINCOLN AV,3180
WESTCHESTER AV / LANE  AV,WESTCHESTER AV / BENSON ST,15
WESTCHESTER AV / LANE  AV,FOOD CENTER DR / TERMINAL,2714
WESTCHESTER AV / LANE  AV,KATONAH AV / E 242 ST,2555
WESTCHESTER AV / LANE  AV,SEDGWICK AV / FT INDEPENDENCE ST,2863
WESTCHESTER AV / LANE  AV,BROADWAY / W 179 ST,3517
WESTCHESTER AV / LANE  AV,RIVER AV / E 149 ST,3313
WESTCHESTER AV / LANE  AV,VALENTINE AV / FORDHAM RD,1665
WESTCHESTER AV / LANE  AV,MELROSE AV / E 150 ST,2591
WESTCHESTER AV / LANE  AV,179 ST / BROADWAY,3529
WESTCHESTER AV / LANE  AV,BROADWAY / W 262 ST,4080
WESTCHESTER AV / LANE  AV,W 179 ST / BROADWAY,3517
WESTCHESTER AV / LANE  AV,W 238 ST / BROADWAY,2915
WESTCHESTER AV / LANE  AV,BAY PZ / BARTOW AV,1277
WESTCHESTER AV / LANE  AV,RIVERSIDE DR W / 157-10 RIVERSIDE DR W,3720
WESTCHESTER AV / LANE  AV,W 125 ST / 12 AV,5100
WESTCHESTER AV / LANE  AV,BAINBRIDGE AV / E 206 ST,2735
WESTCHESTER AV / LANE  AV,SOUTHERN BL / BOTANICAL GARDENS,2257
WESTCHESTER AV / LANE  AV,RIVERDALE AV / W 263 ST,4235
WESTCHESTER AV / LANE  AV,3 AV / E FORDHAM RD,1634
WESTCHESTER AV / LANE  AV,W FARMS RD / HOE AV,1762
WESTCHESTER AV / LANE  AV,ST NICHOLAS AV / W 167 ST,3930
WESTCHESTER AV / LANE  AV,VALENTINE AV / E 192 ST,1828
WESTCHESTER AV / LANE  AV,RIVERBANK / STATE PARK,4200
WESTCHESTER AV / LANE  AV,WALNUT AV / E 133 ST,3780
WESTCHESTER AV / LANE  AV,W 231 ST / TIBBETT AV,3480
WESTCHESTER AV / LANE  AV,SEDGWICK AV / WEBB AV,2127
WESTCHESTER AV / LANE  AV,LIC,7847
LINCOLN AV / E 138 ST,OLMSTEAD AV / SEWARD AV,2880
LINCOLN AV / E 138 ST,CITY ISLAND AV / ROCHELLE ST,4560
LINCOLN AV / E 138 ST,BOSTON RD / E 178 ST,1540
LINCOLN AV / E 138 ST,WHITE PLAINS RD / E GUN HILL RD,2242
LINCOLN AV / E 138 ST,E 136 ST / LINCOLN AV,76
LINCOLN AV / E 138 ST,WESTCHESTER AV / BENSON ST,2760
LINCOLN AV / E 138 ST,FOOD CENTER DR / TERMINAL,1980
LINCOLN AV / E 138 ST,KATONAH AV / E 242 ST,4560
LINCOLN AV / E 138 ST,SEDGWICK AV / FT INDEPENDENCE ST,3203
LINCOLN AV / E 138 ST,BROADWAY / W 179 ST,1940
LINCOLN AV / E 138 ST,RIVER AV / E 149 ST,613
LINCOLN AV / E 138 ST,VALENTINE AV / FORDHAM RD,2201
LINCOLN AV / E 138 ST,MELROSE AV / E 150 ST,344
LINCOLN AV / E 138 ST,179 ST / BROADWAY,1933
LINCOLN AV / E 138 ST,BROADWAY / W 262 ST,3780
LINCOLN AV / E 138 ST,W 179 ST / BROADWAY,2008
LINCOLN AV / E 138 ST,W 238 ST / BROADWAY,3205
LINCOLN AV / E 138 ST,BAY PZ / BARTOW AV,3600
LINCOLN AV / E 138 ST,RIVERSIDE DR W / 157-10 RIVERSIDE DR W,1680
LINCOLN AV / E 138 ST,W 125 ST / 12 AV,1478
LINCOLN AV / E 138 ST,BAINBRIDGE AV / E 206 ST,2308
LINCOLN AV / E 138 ST,SOUTHERN BL / BOTANICAL GARDENS,2220
LINCOLN AV / E 138 ST,RIVERDALE AV / W 263 ST,4260
LINCOLN AV / E 138 ST,3 AV / E FORDHAM RD,1849
LINCOLN AV / E 138 ST,W FARMS RD / HOE AV,1076
LINCOLN AV / E 138 ST,ST NICHOLAS AV / W 167 ST,1534
LINCOLN AV / E 138 ST,VALENTINE AV / E 192 ST,2291
LINCOLN AV / E 138 ST,RIVERBANK / STATE PARK,1440
LINCOLN AV / E 138 ST,WALNUT AV / E 133 ST,630
LINCOLN AV / E 138 ST,W 231 ST / TIBBETT AV,3558
LINCOLN AV / E 138 ST,SEDGWICK AV / WEBB AV,2220
LINCOLN AV / E 138 ST,LIC,3505
PROSPECT AV / WESTCHESTER AV,OLMSTEAD AV / SEWARD AV,1552
PROSPECT AV / WESTCHESTER AV,CITY ISLAND AV / ROCHELLE ST,3136
PROSPECT AV / WESTCHESTER AV,BOSTON RD / E 178 ST,1687
PROSPECT AV / WESTCHESTER AV,WHITE PLAINS RD / E GUN HILL RD,2389
PROSPECT AV / WESTCHESTER AV,E 136 ST / LINCOLN AV,1147
PROSPECT AV / WESTCHESTER AV,WESTCHESTER AV / BENSON ST,1978
PROSPECT AV / WESTCHESTER AV,FOOD CENTER DR / TERMINAL,1016
PROSPECT AV / WESTCHESTER AV,KATONAH AV / E 242 ST,3027
PROSPECT AV / WESTCHESTER AV,SEDGWICK AV / FT INDEPENDENCE ST,3050
PROSPECT AV / WESTCHESTER AV,BROADWAY / W 179 ST,2387
PROSPECT AV / WESTCHESTER AV,RIVER AV / E 149 ST,1347
PROSPECT AV / WESTCHESTER AV,VALENTINE AV / FORDHAM RD,1836
PROSPECT AV / WESTCHESTER AV,MELROSE AV / E 150 ST,544
PROSPECT AV / WESTCHESTER AV,179 ST / BROADWAY,2380
PROSPECT AV / WESTCHESTER AV,BROADWAY / W 262 ST,3627
PROSPECT AV / WESTCHESTER AV,W 179 ST / BROADWAY,2498
PROSPECT AV / WESTCHESTER AV,W 238 ST / BROADWAY,3052
PROSPECT AV / WESTCHESTER AV,BAY PZ / BARTOW AV,2949
PROSPECT AV / WESTCHESTER AV,RIVERSIDE DR W / 157-10 RIVERSIDE DR W,1578
PROSPECT AV / WESTCHESTER AV,W 125 ST / 12 AV,2528
PROSPECT AV / WESTCHESTER AV,BAINBRIDGE AV / E 206 ST,2274
PROSPECT AV / WESTCHESTER AV,SOUTHERN BL / BOTANICAL GARDENS,1647
PROSPECT AV / WESTCHESTER AV,RIVERDALE AV / W 263 ST,4107
PROSPECT AV / WESTCHESTER AV,3 AV / E FORDHAM RD,1523
PROSPECT AV / WESTCHESTER AV,W FARMS RD / HOE AV,432
PROSPECT AV / WESTCHESTER AV,ST NICHOLAS AV / W 167 ST,1852
PROSPECT AV / WESTCHESTER AV,VALENTINE AV / E 192 ST,1881
PROSPECT AV / WESTCHESTER AV,RIVERBANK / STATE PARK,1927
PROSPECT AV / WESTCHESTER AV,WALNUT AV / E 133 ST,1494
PROSPECT AV / WESTCHESTER AV,W 231 ST / TIBBETT AV,3405
PROSPECT AV / WESTCHESTER AV,SEDGWICK AV / WEBB AV,2067
PROSPECT AV / WESTCHESTER AV,LIC,5214
VALENTINE AV / E FORDHAM RD,OLMSTEAD AV / SEWARD AV,2425
VALENTINE AV / E FORDHAM RD,CITY ISLAND AV / ROCHELLE ST,2252
VALENTINE AV / E FORDHAM RD,BOSTON RD / E 178 ST,1165
VALENTINE AV / E FORDHAM RD,WHITE PLAINS RD / E GUN HILL RD,843
VALENTINE AV / E FORDHAM RD,E 136 ST / LINCOLN AV,2270
VALENTINE AV / E FORDHAM RD,WESTCHESTER AV / BENSON ST,2150
VALENTINE AV / E FORDHAM RD,FOOD CENTER DR / TERMINAL,2921
VALENTINE AV / E FORDHAM RD,KATONAH AV / E 242 ST,1380
VALENTINE AV / E FORDHAM RD,SEDGWICK AV / FT INDEPENDENCE ST,1147
VALENTINE AV / E FORDHAM RD,BROADWAY / W 179 ST,1675
VALENTINE AV / E FORDHAM RD,RIVER AV / E 149 ST,2226
VALENTINE AV / E FORDHAM RD,VALENTINE AV / FORDHAM RD,10
VALENTINE AV / E FORDHAM RD,MELROSE AV / E 150 ST,1560
VALENTINE AV / E FORDHAM RD,179 ST / BROADWAY,1562
VALENTINE AV / E FORDHAM RD,BROADWAY / W 262 ST,1941
VALENTINE AV / E FORDHAM RD,W 179 ST / BROADWAY,1560
VALENTINE AV / E FORDHAM RD,W 238 ST / BROADWAY,1135
VALENTINE AV / E FORDHAM RD,BAY PZ / BARTOW AV,1833
VALENTINE AV / E FORDHAM RD,RIVERSIDE DR W / 157-10 RIVERSIDE DR W,2621
VALENTINE AV / E FORDHAM RD,W 125 ST / 12 AV,3224
VALENTINE AV / E FORDHAM RD,BAINBRIDGE AV / E 206 ST,627
VALENTINE AV / E FORDHAM RD,SOUTHERN BL / BOTANICAL GARDENS,692
VALENTINE AV / E FORDHAM RD,RIVERDALE AV / W 263 ST,2215
VALENTINE AV / E FORDHAM RD,3 AV / E FORDHAM RD,376
VALENTINE AV / E FORDHAM RD,W FARMS RD / HOE AV,2081
VALENTINE AV / E FORDHAM RD,ST NICHOLAS AV / W 167 ST,1795
VALENTINE AV / E FORDHAM RD,VALENTINE AV / E 192 ST,174
VALENTINE AV / E FORDHAM RD,RIVERBANK / STATE PARK,3175
VALENTINE AV / E FORDHAM RD,WALNUT AV / E 133 ST,3290
VALENTINE AV / E FORDHAM RD,W 231 ST / TIBBETT AV,1513
VALENTINE AV / E FORDHAM RD,SEDGWICK AV / WEBB AV,482
VALENTINE AV / E FORDHAM RD,LIC,5750
LINCOLN AV / E 137 ST,OLMSTEAD AV / SEWARD AV,3008
LINCOLN AV / E 137 ST,CITY ISLAND AV / ROCHELLE ST,4477
LINCOLN AV / E 137 ST,BOSTON RD / E 178 ST,1668
LINCOLN AV / E 137 ST,WHITE PLAINS RD / E GUN HILL RD,2370
LINCOLN AV / E 137 ST,WESTCHESTER AV / BENSON ST,2888
LINCOLN AV / E 137 ST,FOOD CENTER DR / TERMINAL,2108
LINCOLN AV / E 137 ST,KATONAH AV / E 242 ST,4688
LINCOLN AV / E 137 ST,SEDGWICK AV / FT INDEPENDENCE ST,3217
LINCOLN AV / E 137 ST,BROADWAY / W 179 ST,1857
LINCOLN AV / E 137 ST,RIVER AV / E 149 ST,539
LINCOLN AV / E 137 ST,VALENTINE AV / FORDHAM RD,2141
LINCOLN AV / E 137 ST,MELROSE AV / E 150 ST,472
LINCOLN AV / E 137 ST,179 ST / BROADWAY,1850
LINCOLN AV / E 137 ST,BROADWAY / W 262 ST,4297
LINCOLN AV / E 137 ST,W 179 ST / BROADWAY,1925
LINCOLN AV / E 137 ST,W 238 ST / BROADWAY,3722
LINCOLN AV / E 137 ST,BAY PZ / BARTOW AV,3728
LINCOLN AV / E 137 ST,RIVERSIDE DR W / 157-10 RIVERSIDE DR W,1597
LINCOLN AV / E 137 ST,W 125 ST / 12 AV,1408
LINCOLN AV / E 137 ST,BAINBRIDGE AV / E 206 ST,2436
LINCOLN AV / E 137 ST,SOUTHERN BL / BOTANICAL GARDENS,2348
LINCOLN AV / E 137 ST,RIVERDALE AV / W 263 ST,4597
LINCOLN AV / E 137 ST,3 AV / E FORDHAM RD,1977
LINCOLN AV / E 137 ST,W FARMS RD / HOE AV,1204
LINCOLN AV / E 137 ST,ST NICHOLAS AV / W 167 ST,1451
LINCOLN AV / E 137 ST,VALENTINE AV / E 192 ST,2231
LINCOLN AV / E 137 ST,RIVERBANK / STATE PARK,1357
LINCOLN AV / E 137 ST,WALNUT AV / E 133 ST,732
LINCOLN AV / E 137 ST,W 231 ST / TIBBETT AV,3697
LINCOLN AV / E 137 ST,SEDGWICK AV / WEBB AV,2917
LINCOLN AV / E 137 ST,LIC,3435
SEDGWICK AV / FT INDEPENDENCE ST,OLMSTEAD AV / SEWARD AV,3707
SEDGWICK AV / FT INDEPENDENCE ST,CITY ISLAND AV / ROCHELLE ST,3287
SEDGWICK AV / FT INDEPENDENCE ST,BOSTON RD / E 178 ST,2267
SEDGWICK AV / FT INDEPENDENCE ST,WHITE PLAINS RD / E GUN HILL RD,1937
SEDGWICK AV / FT INDEPENDENCE ST,E 136 ST / LINCOLN AV,2747
SEDGWICK AV / FT INDEPENDENCE ST,WESTCHESTER AV / BENSON ST,3097
SEDGWICK AV / FT INDEPENDENCE ST,FOOD CENTER DR / TERMINAL,4367
SEDGWICK AV / FT INDEPENDENCE ST,KATONAH AV / E 242 ST,1800
SEDGWICK AV / FT INDEPENDENCE ST,BROADWAY / W 179 ST,1667
SEDGWICK AV / FT INDEPENDENCE ST,RIVER AV / E 149 ST,3167
SEDGWICK AV / FT INDEPENDENCE ST,VALENTINE AV / FORDHAM RD,918
SEDGWICK AV / FT INDEPENDENCE ST,MELROSE AV / E 150 ST,2627
SEDGWICK AV / FT INDEPENDENCE ST,179 ST / BROADWAY,1679
SEDGWICK AV / FT INDEPENDENCE ST,BROADWAY / W 262 ST,1152
SEDGWICK AV / FT INDEPENDENCE ST,W 179 ST / BROADWAY,1740
SEDGWICK AV / FT INDEPENDENCE ST,W 238 ST / BROADWAY,301
SEDGWICK AV / FT INDEPENDENCE ST,BAY PZ / BARTOW AV,2868
SEDGWICK AV / FT INDEPENDENCE ST,RIVERSIDE DR W / 157-10 RIVERSIDE DR W,2814
SEDGWICK AV / FT INDEPENDENCE ST,W 125 ST / 12 AV,3577
SEDGWICK AV / FT INDEPENDENCE ST,BAINBRIDGE AV / E 206 ST,1656
SEDGWICK AV / FT INDEPENDENCE ST,SOUTHERN BL / BOTANICAL GARDENS,1727
SEDGWICK AV / FT INDEPENDENCE ST,RIVERDALE AV / W 263 ST,1365
SEDGWICK AV / FT INDEPENDENCE ST,3 AV / E FORDHAM RD,1086
SEDGWICK AV / FT INDEPENDENCE ST,W FARMS RD / HOE AV,3287
SEDGWICK AV / FT INDEPENDENCE ST,ST NICHOLAS AV / W 167 ST,2251
SEDGWICK AV / FT INDEPENDENCE ST,VALENTINE AV / E 192 ST,887
SEDGWICK AV / FT INDEPENDENCE ST,RIVERBANK / STATE PARK,3167
SEDGWICK AV / FT INDEPENDENCE ST,WALNUT AV / E 133 ST,4440
SEDGWICK AV / FT INDEPENDENCE ST,W 231 ST / TIBBETT AV,443
SEDGWICK AV / FT INDEPENDENCE ST,SEDGWICK AV / WEBB AV,1254
SEDGWICK AV / FT INDEPENDENCE ST,LIC,6634
W 238 ST / BROADWAY,OLMSTEAD AV / SEWARD AV,3483
W 238 ST / BROADWAY,CITY ISLAND AV / ROCHELLE ST,3600
W 238 ST / BROADWAY,BOSTON RD / E 178 ST,2424
W 238 ST / BROADWAY,WHITE PLAINS RD / E GUN HILL RD,1774
W 238 ST / BROADWAY,E 136 ST / LINCOLN AV,2880
W 238 ST / BROADWAY,WESTCHESTER AV / BENSON ST,2632
W 238 ST / BROADWAY,FOOD CENTER DR / TERMINAL,4044
W 238 ST / BROADWAY,KATONAH AV / E 242 ST,2784
W 238 ST / BROADWAY,SEDGWICK AV / FT INDEPENDENCE ST,273
W 238 ST / BROADWAY,BROADWAY / W 179 ST,1800
W 238 ST / BROADWAY,RIVER AV / E 149 ST,2760
W 238 ST / BROADWAY,VALENTINE AV / FORDHAM RD,1097
W 238 ST / BROADWAY,MELROSE AV / E 150 ST,2901
W 238 ST / BROADWAY,179 ST / BROADWAY,1812
W 238 ST / BROADWAY,BROADWAY / W 262 ST,589
W 238 ST / BROADWAY,W 179 ST / BROADWAY,1873
W 238 ST / BROADWAY,BAY PZ / BARTOW AV,2881
W 238 ST / BROADWAY,RIVERSIDE DR W / 157-10 RIVERSIDE DR W,3067
W 238 ST / BROADWAY,W 125 ST / 12 AV,3711
W 238 ST / BROADWAY,BAINBRIDGE AV / E 206 ST,1702
W 238 ST / BROADWAY,SOUTHERN BL / BOTANICAL GARDENS,2124
W 238 ST / BROADWAY,RIVERDALE AV / W 263 ST,1164
W 238 ST / BROADWAY,3 AV / E FORDHAM RD,1192
W 238 ST / BROADWAY,W FARMS RD / HOE AV,3480
W 238 ST / BROADWAY,ST NICHOLAS AV / W 167 ST,2400
W 238 ST / BROADWAY,VALENTINE AV / E 192 ST,1361
W 238 ST / BROADWAY,RIVERBANK / STATE PARK,3360
W 238 ST / BROADWAY,WALNUT AV / E 133 ST,4320
W 238 ST / BROADWAY,W 231 ST / TIBBETT AV,462
W 238 ST / BROADWAY,SEDGWICK AV / WEBB AV,960
W 238 ST / BROADWAY,LIC,7187
W 178 ST / FT WASHINGTON AV,OLMSTEAD AV / SEWARD AV,3540
W 178 ST / FT WASHINGTON AV,CITY ISLAND AV / ROCHELLE ST,3782
W 178 ST / FT WASHINGTON AV,BOSTON RD / E 178 ST,2305
W 178 ST / FT WASHINGTON AV,WHITE PLAINS RD / E GUN HILL RD,2282
W 178 ST / FT WASHINGTON AV,E 136 ST / LINCOLN AV,2349
W 178 ST / FT WASHINGTON AV,WESTCHESTER AV / BENSON ST,3635
W 178 ST / FT WASHINGTON AV,FOOD CENTER DR / TERMINAL,2851
W 178 ST / FT WASHINGTON AV,KATONAH AV / E 242 ST,3122
W 178 ST / FT WASHINGTON AV,SEDGWICK AV / FT INDEPENDENCE ST,1772
W 178 ST / FT WASHINGTON AV,BROADWAY / W 179 ST,94
W 178 ST / FT WASHINGTON AV,RIVER AV / E 149 ST,1651
W 178 ST / FT WASHINGTON AV,VALENTINE AV / FORDHAM RD,1519
W 178 ST / FT WASHINGTON AV,MELROSE AV / E 150 ST,1761
W 178 ST / FT WASHINGTON AV,179 ST / BROADWAY,91
W 178 ST / FT WASHINGTON AV,BROADWAY / W 262 ST,2402
W 178 ST / FT WASHINGTON AV,W 179 ST / BROADWAY,65
W 178 ST / FT WASHINGTON AV,W 238 ST / BROADWAY,1827
W 178 ST / FT WASHINGTON AV,BAY PZ / BARTOW AV,3303
W 178 ST / FT WASHINGTON AV,RIVERSIDE DR W / 157-10 RIVERSIDE DR W,778
W 178 ST / FT WASHINGTON AV,W 125 ST / 12 AV,1493
W 178 ST / FT WASHINGTON AV,BAINBRIDGE AV / E 206 ST,2369
W 178 ST / FT WASHINGTON AV,SOUTHERN BL / BOTANICAL GARDENS,2462
W 178 ST / FT WASHINGTON AV,RIVERDALE AV / W 263 ST,2222
W 178 ST / FT WASHINGTON AV,3 AV / E FORDHAM RD,1614
W 178 ST / FT WASHINGTON AV,W FARMS RD / HOE AV,1941
W 178 ST / FT WASHINGTON AV,ST NICHOLAS AV / W 167 ST,331
W 178 ST / FT WASHINGTON AV,VALENTINE AV / E 192 ST,1684
W 178 ST / FT WASHINGTON AV,RIVERBANK / STATE PARK,1083
W 178 ST / FT WASHINGTON AV,WALNUT AV / E 133 ST,2829
W 178 ST / FT WASHINGTON AV,W 231 ST / TIBBETT AV,1520
W 178 ST / FT WASHINGTON AV,SEDGWICK AV / WEBB AV,1382
W 178 ST / FT WASHINGTON AV,LIC,5116
VAN CORTLANDT PK E / E 242 ST,OLMSTEAD AV / SEWARD AV,3363
VAN CORTLANDT PK E / E 242 ST,CITY ISLAND AV / ROCHELLE ST,3960
VAN CORTLANDT PK E / E 242 ST,BOSTON RD / E 178 ST,2820
VAN CORTLANDT PK E / E 242 ST,WHITE PLAINS RD / E GUN HILL RD,1512
VAN CORTLANDT PK E / E 242 ST,E 136 ST / LINCOLN AV,4380
VAN CORTLANDT PK E / E 242 ST,WESTCHESTER AV / BENSON ST,2570
VAN CORTLANDT PK E / E 242 ST,FOOD CENTER DR / TERMINAL,4440
VAN CORTLANDT PK E / E 242 ST,KATONAH AV / E 242 ST,14
VAN CORTLANDT PK E / E 242 ST,SEDGWICK AV / FT INDEPENDENCE ST,2040
VAN CORTLANDT PK E / E 242 ST,BROADWAY / W 179 ST,3300
VAN CORTLANDT PK E / E 242 ST,RIVER AV / E 149 ST,4362
VAN CORTLANDT PK E / E 242 ST,VALENTINE AV / FORDHAM RD,1560
VAN CORTLANDT PK E / E 242 ST,MELROSE AV / E 150 ST,3420
VAN CORTLANDT PK E / E 242 ST,179 ST / BROADWAY,3312
VAN CORTLANDT PK E / E 242 ST,BROADWAY / W 262 ST,3180
VAN CORTLANDT PK E / E 242 ST,W 179 ST / BROADWAY,3373
VAN CORTLANDT PK E / E 242 ST,W 238 ST / BROADWAY,2605
VAN CORTLANDT PK E / E 242 ST,BAY PZ / BARTOW AV,2700
VAN CORTLANDT PK E / E 242 ST,RIVERSIDE DR W / 157-10 RIVERSIDE DR W,4320
VAN CORTLANDT PK E / E 242 ST,W 125 ST / 12 AV,5880
VAN CORTLANDT PK E / E 242 ST,BAINBRIDGE AV / E 206 ST,1037
VAN CORTLANDT PK E / E 242 ST,SOUTHERN BL / BOTANICAL GARDENS,2520
VAN CORTLANDT PK E / E 242 ST,RIVERDALE AV / W 263 ST,3720
VAN CORTLANDT PK E / E 242 ST,3 AV / E FORDHAM RD,1888
VAN CORTLANDT PK E / E 242 ST,W FARMS RD / HOE AV,3857
VAN CORTLANDT PK E / E 242 ST,ST NICHOLAS AV / W 167 ST,3780
VAN CORTLANDT PK E / E 242 ST,VALENTINE AV / E 192 ST,1549
VAN CORTLANDT PK E / E 242 ST,RIVERBANK / STATE PARK,5400
VAN CORTLANDT PK E / E 242 ST,WALNUT AV / E 133 ST,4800
VAN CORTLANDT PK E / E 242 ST,W 231 ST / TIBBETT AV,2738
VAN CORTLANDT PK E / E 242 ST,SEDGWICK AV / WEBB AV,2220
VAN CORTLANDT PK E / E 242 ST,LIC,8147
WHITE PLAINS RD / E GUN HILL RD,OLMSTEAD AV / SEWARD AV,2471
WHITE PLAINS RD / E GUN HILL RD,CITY ISLAND AV / ROCHELLE ST,3308
WHITE PLAINS RD / E GUN HILL RD,BOSTON RD / E 178 ST,1800
WHITE PLAINS RD / E GUN HILL RD,E 136 ST / LINCOLN AV,2700
WHITE PLAINS RD / E GUN HILL RD,WESTCHESTER AV / BENSON ST,1620
WHITE PLAINS RD / E GUN HILL RD,FOOD CENTER DR / TERMINAL,3000
WHITE PLAINS RD / E GUN HILL RD,KATONAH AV / E 242 ST,1763
WHITE PLAINS RD / E GUN HILL RD,SEDGWICK AV / FT INDEPENDENCE ST,1448
WHITE PLAINS RD / E GUN HILL RD,BROADWAY / W 179 ST,2280
WHITE PLAINS RD / E GUN HILL RD,RIVER AV / E 149 ST,2953
WHITE PLAINS RD / E GUN HILL RD,VALENTINE AV / FORDHAM RD,932
WHITE PLAINS RD / E GUN HILL RD,MELROSE AV / E 150 ST,1980
WHITE PLAINS RD / E GUN HILL RD,179 ST / BROADWAY,2292
WHITE PLAINS RD / E GUN HILL RD,BROADWAY / W 262 ST,3180
WHITE PLAINS RD / E GUN HILL RD,W 179 ST / BROADWAY,2820
WHITE PLAINS RD / E GUN HILL RD,W 238 ST / BROADWAY,1665
WHITE PLAINS RD / E GUN HILL RD,BAY PZ / BARTOW AV,1328
WHITE PLAINS RD / E GUN HILL RD,RIVERSIDE DR W / 157-10 RIVERSIDE DR W,3300
WHITE PLAINS RD / E GUN HILL RD,W 125 ST / 12 AV,4380
WHITE PLAINS RD / E GUN HILL RD,BAINBRIDGE AV / E 206 ST,643
WHITE PLAINS RD / E GUN HILL RD,SOUTHERN BL / BOTANICAL GARDENS,1800
WHITE PLAINS RD / E GUN HILL RD,RIVERDALE AV / W 263 ST,3000
WHITE PLAINS RD / E GUN HILL RD,3 AV / E FORDHAM RD,766
WHITE PLAINS RD / E GUN HILL RD,W FARMS RD / HOE AV,2417
WHITE PLAINS RD / E GUN HILL RD,ST NICHOLAS AV / W 167 ST,2880
WHITE PLAINS RD / E GUN HILL RD,VALENTINE AV / E 192 ST,954
WHITE PLAINS RD / E GUN HILL RD,RIVERBANK / STATE PARK,3840
WHITE PLAINS RD / E GUN HILL RD,WALNUT AV / E 133 ST,3360
WHITE PLAINS RD / E GUN HILL RD,W 231 ST / TIBBETT AV,1965
WHITE PLAINS RD / E GUN HILL RD,SEDGWICK AV / WEBB AV,1440
WHITE PLAINS RD / E GUN HILL RD,LIC,5987
W FARMS RD / WESTCHESTER AV,OLMSTEAD AV / SEWARD AV,1258
W FARMS RD / WESTCHESTER AV,CITY ISLAND AV / ROCHELLE ST,2702
W FARMS RD / WESTCHESTER AV,BOSTON RD / E 178 ST,1002
W FARMS RD / WESTCHESTER AV,WHITE PLAINS RD / E GUN HILL RD,2542
W FARMS RD / WESTCHESTER AV,E 136 ST / LINCOLN AV,1501
W FARMS RD / WESTCHESTER AV,WESTCHESTER AV / BENSON ST,1623
W FARMS RD / WESTCHESTER AV,FOOD CENTER DR / TERMINAL,1077
W FARMS RD / WESTCHESTER AV,KATONAH AV / E 242 ST,3180
W FARMS RD / WESTCHESTER AV,SEDGWICK AV / FT INDEPENDENCE ST,3203
W FARMS RD / WESTCHESTER AV,BROADWAY / W 179 ST,1940
W FARMS RD / WESTCHESTER AV,RIVER AV / E 149 ST,1510
W FARMS RD / WESTCHESTER AV,VALENTINE AV / FORDHAM RD,1989
W FARMS RD / WESTCHESTER AV,MELROSE AV / E 150 ST,898
W FARMS RD / WESTCHESTER AV,179 ST / BROADWAY,1933
W FARMS RD / WESTCHESTER AV,BROADWAY / W 262 ST,3780
W FARMS RD / WESTCHESTER AV,W 179 ST / BROADWAY,2008
W FARMS RD / WESTCHESTER AV,W 238 ST / BROADWAY,3420
W FARMS RD / WESTCHESTER AV,BAY PZ / BARTOW AV,2515
W FARMS RD / WESTCHESTER AV,RIVERSIDE DR W / 157-10 RIVERSIDE DR W,1840
W FARMS RD / WESTCHESTER AV,W 125 ST / 12 AV,2986
W FARMS RD / WESTCHESTER AV,BAINBRIDGE AV / E 206 ST,2608
W FARMS RD / WESTCHESTER AV,SOUTHERN BL / BOTANICAL GARDENS,1274
W FARMS RD / WESTCHESTER AV,RIVERDALE AV / W 263 ST,3734
W FARMS RD / WESTCHESTER AV,3 AV / E FORDHAM RD,1680
W FARMS RD / WESTCHESTER AV,W FARMS RD / HOE AV,38
W FARMS RD / WESTCHESTER AV,ST NICHOLAS AV / W 167 ST,2174
W FARMS RD / WESTCHESTER AV,VALENTINE AV / E 192 ST,2058
W FARMS RD / WESTCHESTER AV,RIVERBANK / STATE PARK,2397
W FARMS RD / WESTCHESTER AV,WALNUT AV / E 133 ST,2581
W FARMS RD / WESTCHESTER AV,W 231 ST / TIBBETT AV,3254
W FARMS RD / WESTCHESTER AV,SEDGWICK AV / WEBB AV,2220
W FARMS RD / WESTCHESTER AV,LIC,5684
E TREMONT AV / E 177 ST,OLMSTEAD AV / SEWARD AV,1259
E TREMONT AV / E 177 ST,CITY ISLAND AV / ROCHELLE ST,2219
E TREMONT AV / E 177 ST,BOSTON RD / E 178 ST,107
E TREMONT AV / E 177 ST,WHITE PLAINS RD / E GUN HILL RD,1822
E TREMONT AV / E 177 ST,E 136 ST / LINCOLN AV,1804
E TREMONT AV / E 177 ST,WESTCHESTER AV / BENSON ST,1143
E TREMONT AV / E 177 ST,FOOD CENTER DR / TERMINAL,2164
E TREMONT AV / E 177 ST,KATONAH AV / E 242 ST,3180
E TREMONT AV / E 177 ST,SEDGWICK AV / FT INDEPENDENCE ST,2603
E TREMONT AV / E 177 ST,BROADWAY / W 179 ST,2443
E TREMONT AV / E 177 ST,RIVER AV / E 149 ST,2237
E TREMONT AV / E 177 ST,VALENTINE AV / FORDHAM RD,1550
E TREMONT AV / E 177 ST,MELROSE AV / E 150 ST,1568
E TREMONT AV / E 177 ST,179 ST / BROADWAY,2447
E TREMONT AV / E 177 ST,BROADWAY / W 262 ST,3180
E TREMONT AV / E 177 ST,W 179 ST / BROADWAY,2370
E TREMONT AV / E 177 ST,W 238 ST / BROADWAY,2605
E TREMONT AV / E 177 ST,BAY PZ / BARTOW AV,2392
E TREMONT AV / E 177 ST,RIVERSIDE DR W / 157-10 RIVERSIDE DR W,2404
E TREMONT AV / E 177 ST,W 125 ST / 12 AV,3304
E TREMONT AV / E 177 ST,BAINBRIDGE AV / E 206 ST,1888
E TREMONT AV / E 177 ST,SOUTHERN BL / BOTANICAL GARDENS,1020
E TREMONT AV / E 177 ST,RIVERDALE AV / W 263 ST,3720
E TREMONT AV / E 177 ST,3 AV / E FORDHAM RD,1156
E TREMONT AV / E 177 ST,W FARMS RD / HOE AV,1444
E TREMONT AV / E 177 ST,ST NICHOLAS AV / W 167 ST,2737
E TREMONT AV / E 177 ST,VALENTINE AV / E 192 ST,1434
E TREMONT AV / E 177 ST,RIVERBANK / STATE PARK,3124
E TREMONT AV / E 177 ST,WALNUT AV / E 133 ST,2884
E TREMONT AV / E 177 ST,W 231 ST / TIBBETT AV,2738
E TREMONT AV / E 177 ST,SEDGWICK AV / WEBB AV,1852
E TREMONT AV / E 177 ST,LIC,5871
RIVER AV / E 150 ST,OLMSTEAD AV / SEWARD AV,2758
RIVER AV / E 150 ST,CITY ISLAND AV / ROCHELLE ST,4355
RIVER AV / E 150 ST,BOSTON RD / E 178 ST,2262
RIVER AV / E 150 ST,WHITE PLAINS RD / E GUN HILL RD,2505
RIVER AV / E 150 ST,E 136 ST / LINCOLN AV,863
RIVER AV / E 150 ST,WESTCHESTER AV / BENSON ST,3164
RIVER AV / E 150 ST,FOOD CENTER DR / TERMINAL,1920
RIVER AV / E 150 ST,KATONAH AV / E 242 ST,4262
RIVER AV / E 150 ST,SEDGWICK AV / FT INDEPENDENCE ST,2843
RIVER AV / E 150 ST,BROADWAY / W 179 ST,1517
RIVER AV / E 150 ST,RIVER AV / E 149 ST,88
RIVER AV / E 150 ST,VALENTINE AV / FORDHAM RD,2019
RIVER AV / E 150 ST,MELROSE AV / E 150 ST,652
RIVER AV / E 150 ST,179 ST / BROADWAY,1510
RIVER AV / E 150 ST,BROADWAY / W 262 ST,4175
RIVER AV / E 150 ST,W 179 ST / BROADWAY,1585
RIVER AV / E 150 ST,W 238 ST / BROADWAY,3060
RIVER AV / E 150 ST,BAY PZ / BARTOW AV,3936
RIVER AV / E 150 ST,RIVERSIDE DR W / 157-10 RIVERSIDE DR W,1320
RIVER AV / E 150 ST,W 125 ST / 12 AV,1693
RIVER AV / E 150 ST,BAINBRIDGE AV / E 206 ST,2571
RIVER AV / E 150 ST,SOUTHERN BL / BOTANICAL GARDENS,2822
RIVER AV / E 150 ST,RIVERDALE AV / W 263 ST,4475
RIVER AV / E 150 ST,3 AV / E FORDHAM RD,2112
RIVER AV / E 150 ST,W FARMS RD / HOE AV,1617
RIVER AV / E 150 ST,ST NICHOLAS AV / W 167 ST,1137
RIVER AV / E 150 ST,VALENTINE AV / E 192 ST,2109
RIVER AV / E 150 ST,RIVERBANK / STATE PARK,1043
RIVER AV / E 150 ST,WALNUT AV / E 133 ST,2196
RIVER AV / E 150 ST,W 231 ST / TIBBETT AV,3575
RIVER AV / E 150 ST,SEDGWICK AV / WEBB AV,2632
RIVER AV / E 150 ST,LIC,4870
BROADWAY / 179 ST,OLMSTEAD AV / SEWARD AV,3522
BROADWAY / 179 ST,CITY ISLAND AV / ROCHELLE ST,3809
BROADWAY / 179 ST,BOSTON RD / E 178 ST,2287
BROADWAY / 179 ST,WHITE PLAINS RD / E GUN HILL RD,2309
BROADWAY / 179 ST,E 136 ST / LINCOLN AV,2366
BROADWAY / 179 ST,WESTCHESTER AV / BENSON ST,3515
BROADWAY / 179 ST,FOOD CENTER DR / TERMINAL,2804
BROADWAY / 179 ST,KATONAH AV / E 242 ST,3149
BROADWAY / 179 ST,SEDGWICK AV / FT INDEPENDENCE ST,1643
BROADWAY / 179 ST,BROADWAY / W 179 ST,38
BROADWAY / 179 ST,RIVER AV / E 149 ST,1604
BROADWAY / 179 ST,VALENTINE AV / FORDHAM RD,1546
BROADWAY / 179 ST,MELROSE AV / E 150 ST,1723
BROADWAY / 179 ST,179 ST / BROADWAY,44
BROADWAY / 179 ST,BROADWAY / W 262 ST,2429
BROADWAY / 179 ST,W 179 ST / BROADWAY,185
BROADWAY / 179 ST,W 238 ST / BROADWAY,1860
BROADWAY / 179 ST,BAY PZ / BARTOW AV,3330
BROADWAY / 179 ST,RIVERSIDE DR W / 157-10 RIVERSIDE DR W,913
BROADWAY / 179 ST,W 125 ST / 12 AV,1628
BROADWAY / 179 ST,BAINBRIDGE AV / E 206 ST,2396
BROADWAY / 179 ST,SOUTHERN BL / BOTANICAL GARDENS,2489
BROADWAY / 179 ST,RIVERDALE AV / W 263 ST,2249
BROADWAY / 179 ST,3 AV / E FORDHAM RD,1641
BROADWAY / 179 ST,W FARMS RD / HOE AV,1903
BROADWAY / 179 ST,ST NICHOLAS AV / W 167 ST,604
BROADWAY / 179 ST,VALENTINE AV / E 192 ST,1711
BROADWAY / 179 ST,RIVERBANK / STATE PARK,1218
BROADWAY / 179 ST,WALNUT AV / E 133 ST,2846
BROADWAY / 179 ST,W 231 ST / TIBBETT AV,1547
BROADWAY / 179 ST,SEDGWICK AV / WEBB AV,1492
BROADWAY / 179 ST,LIC,5196
BAINBRIDGE AV / E 206 ST,OLMSTEAD AV / SEWARD AV,3063
BAINBRIDGE AV / E 206 ST,CITY ISLAND AV / ROCHELLE ST,3180
BAINBRIDGE AV / E 206 ST,BOSTON RD / E 178 ST,2064
BAINBRIDGE AV / E 206 ST,WHITE PLAINS RD / E GUN HILL RD,592
BAINBRIDGE AV / E 206 ST,E 136 ST / LINCOLN AV,2748
BAINBRIDGE AV / E 206 ST,WESTCHESTER AV / BENSON ST,2990
BAINBRIDGE AV / E 206 ST,FOOD CENTER DR / TERMINAL,3048
BAINBRIDGE AV / E 206 ST,KATONAH AV / E 242 ST,784
BAINBRIDGE AV / E 206 ST,SEDGWICK AV / FT INDEPENDENCE ST,1260
BAINBRIDGE AV / E 206 ST,BROADWAY / W 179 ST,2617
BAINBRIDGE AV / E 206 ST,RIVER AV / E 149 ST,3331
BAINBRIDGE AV / E 206 ST,VALENTINE AV / FORDHAM RD,1083
BAINBRIDGE AV / E 206 ST,MELROSE AV / E 150 ST,2028
BAINBRIDGE AV / E 206 ST,179 ST / BROADWAY,2621
BAINBRIDGE AV / E 206 ST,BROADWAY / W 262 ST,2219
BAINBRIDGE AV / E 206 ST,W 179 ST / BROADWAY,2544
BAINBRIDGE AV / E 206 ST,W 238 ST / BROADWAY,1379
BAINBRIDGE AV / E 206 ST,BAY PZ / BARTOW AV,2400
BAINBRIDGE AV / E 206 ST,RIVERSIDE DR W / 157-10 RIVERSIDE DR W,3324
BAINBRIDGE AV / E 206 ST,W 125 ST / 12 AV,4248
BAINBRIDGE AV / E 206 ST,SOUTHERN BL / BOTANICAL GARDENS,1524
BAINBRIDGE AV / E 206 ST,RIVERDALE AV / W 263 ST,2519
BAINBRIDGE AV / E 206 ST,3 AV / E FORDHAM RD,903
BAINBRIDGE AV / E 206 ST,W FARMS RD / HOE AV,2484
BAINBRIDGE AV / E 206 ST,ST NICHOLAS AV / W 167 ST,2911
BAINBRIDGE AV / E 206 ST,VALENTINE AV / E 192 ST,659
BAINBRIDGE AV / E 206 ST,RIVERBANK / STATE PARK,3828
BAINBRIDGE AV / E 206 ST,WALNUT AV / E 133 ST,3408
BAINBRIDGE AV / E 206 ST,W 231 ST / TIBBETT AV,1537
BAINBRIDGE AV / E 206 ST,SEDGWICK AV / WEBB AV,1576
BAINBRIDGE AV / E 206 ST,LIC,6035
FOOD CENTER DR / TERMINAL,OLMSTEAD AV / SEWARD AV,1916
FOOD CENTER DR / TERMINAL,CITY ISLAND AV / ROCHELLE ST,3360
FOOD CENTER DR / TERMINAL,BOSTON RD / E 178 ST,2369
FOOD CENTER DR / TERMINAL,WHITE PLAINS RD / E GUN HILL RD,3262
FOOD CENTER DR / TERMINAL,E 136 ST / LINCOLN AV,1920
FOOD CENTER DR / TERMINAL,WESTCHESTER AV / BENSON ST,2621
FOOD CENTER DR / TERMINAL,KATONAH AV / E 242 ST,4860
FOOD CENTER DR / TERMINAL,SEDGWICK AV / FT INDEPENDENCE ST,3563
FOOD CENTER DR / TERMINAL,BROADWAY / W 179 ST,2685
FOOD CENTER DR / TERMINAL,RIVER AV / E 149 ST,1800
FOOD CENTER DR / TERMINAL,VALENTINE AV / FORDHAM RD,2730
FOOD CENTER DR / TERMINAL,MELROSE AV / E 150 ST,1560
FOOD CENTER DR / TERMINAL,179 ST / BROADWAY,2680
FOOD CENTER DR / TERMINAL,BROADWAY / W 262 ST,4980
FOOD CENTER DR / TERMINAL,W 179 ST / BROADWAY,2702
FOOD CENTER DR / TERMINAL,W 238 ST / BROADWAY,4320
FOOD CENTER DR / TERMINAL,BAY PZ / BARTOW AV,3173
FOOD CENTER DR / TERMINAL,RIVERSIDE DR W / 157-10 RIVERSIDE DR W,1980
FOOD CENTER DR / TERMINAL,W 125 ST / 12 AV,3169
FOOD CENTER DR / TERMINAL,BAINBRIDGE AV / E 206 ST,3328
FOOD CENTER DR / TERMINAL,SOUTHERN BL / BOTANICAL GARDENS,2520
FOOD CENTER DR / TERMINAL,RIVERDALE AV / W 263 ST,5460
FOOD CENTER DR / TERMINAL,3 AV / E FORDHAM RD,2400
FOOD CENTER DR / TERMINAL,W FARMS RD / HOE AV,854
FOOD CENTER DR / TERMINAL,ST NICHOLAS AV / W 167 ST,2314
FOOD CENTER DR / TERMINAL,VALENTINE AV / E 192 ST,2778
FOOD CENTER DR / TERMINAL,RIVERBANK / STATE PARK,3240
FOOD CENTER DR / TERMINAL,WALNUT AV / E 133 ST,3000
FOOD CENTER DR / TERMINAL,W 231 ST / TIBBETT AV,4478
FOOD CENTER DR / TERMINAL,SEDGWICK AV / WEBB AV,3412
FOOD CENTER DR / TERMINAL,LIC,5987
3 AV / E FORDHAM RD,OLMSTEAD AV / SEWARD AV,2153
3 AV / E FORDHAM RD,CITY ISLAND AV / ROCHELLE ST,2270
3 AV / E FORDHAM RD,BOSTON RD / E 178 ST,957
3 AV / E FORDHAM RD,WHITE PLAINS RD / E GUN HILL RD,713
3 AV / E FORDHAM RD,E 136 ST / LINCOLN AV,2340
3 AV / E FORDHAM RD,WESTCHESTER AV / BENSON ST,2255
3 AV / E FORDHAM RD,FOOD CENTER DR / TERMINAL,2820
3 AV / E FORDHAM RD,KATONAH AV / E 242 ST,1532
3 AV / E FORDHAM RD,SEDGWICK AV / FT INDEPENDENCE ST,1070
3 AV / E FORDHAM RD,BROADWAY / W 179 ST,1587
3 AV / E FORDHAM RD,RIVER AV / E 149 ST,2208
3 AV / E FORDHAM RD,VALENTINE AV / FORDHAM RD,238
3 AV / E FORDHAM RD,MELROSE AV / E 150 ST,1415
3 AV / E FORDHAM RD,179 ST / BROADWAY,1599
3 AV / E FORDHAM RD,BROADWAY / W 262 ST,2098
3 AV / E FORDHAM RD,W 179 ST / BROADWAY,2100
3 AV / E FORDHAM RD,W 238 ST / BROADWAY,1287
3 AV / E FORDHAM RD,BAY PZ / BARTOW AV,1758
3 AV / E FORDHAM RD,RIVERSIDE DR W / 157-10 RIVERSIDE DR W,2375
3 AV / E FORDHAM RD,W 125 ST / 12 AV,3720
3 AV / E FORDHAM RD,BAINBRIDGE AV / E 206 ST,738
3 AV / E FORDHAM RD,SOUTHERN BL / BOTANICAL GARDENS,617
3 AV / E FORDHAM RD,RIVERDALE AV / W 263 ST,2638
3 AV / E FORDHAM RD,W FARMS RD / HOE AV,1980
3 AV / E FORDHAM RD,ST NICHOLAS AV / W 167 ST,2187
3 AV / E FORDHAM RD,VALENTINE AV / E 192 ST,405
3 AV / E FORDHAM RD,RIVERBANK / STATE PARK,3095
3 AV / E FORDHAM RD,WALNUT AV / E 133 ST,2820
3 AV / E FORDHAM RD,W 231 ST / TIBBETT AV,1445
3 AV / E FORDHAM RD,SEDGWICK AV / WEBB AV,569
3 AV / E FORDHAM RD,LIC,5387
BAY PZ / BARTOW AV,OLMSTEAD AV / SEWARD AV,1584
BAY PZ / BARTOW AV,CITY ISLAND AV / ROCHELLE ST,1227
BAY PZ / BARTOW AV,BOSTON RD / E 178 ST,2741
BAY PZ / BARTOW AV,WHITE PLAINS RD / E GUN HILL RD,1557
BAY PZ / BARTOW AV,E 136 ST / LINCOLN AV,3981
BAY PZ / BARTOW AV,WESTCHESTER AV / BENSON ST,1683
BAY PZ / BARTOW AV,FOOD CENTER DR / TERMINAL,3501
BAY PZ / BARTOW AV,KATONAH AV / E 242 ST,2767
BAY PZ / BARTOW AV,SEDGWICK AV / FT INDEPENDENCE ST,3007
BAY PZ / BARTOW AV,BROADWAY / W 179 ST,3341
BAY PZ / BARTOW AV,RIVER AV / E 149 ST,4209
BAY PZ / BARTOW AV,VALENTINE AV / FORDHAM RD,2091
BAY PZ / BARTOW AV,MELROSE AV / E 150 ST,3378
BAY PZ / BARTOW AV,179 ST / BROADWAY,3353
BAY PZ / BARTOW AV,BROADWAY / W 262 ST,4301
BAY PZ / BARTOW AV,W 179 ST / BROADWAY,3414
BAY PZ / BARTOW AV,W 238 ST / BROADWAY,3341
BAY PZ / BARTOW AV,RIVERSIDE DR W / 157-10 RIVERSIDE DR W,4101
BAY PZ / BARTOW AV,W 125 ST / 12 AV,5111
BAY PZ / BARTOW AV,BAINBRIDGE AV / E 206 ST,2176
BAY PZ / BARTOW AV,SOUTHERN BL / BOTANICAL GARDENS,2081
BAY PZ / BARTOW AV,RIVERDALE AV / W 263 ST,4181
BAY PZ / BARTOW AV,3 AV / E FORDHAM RD,2060
BAY PZ / BARTOW AV,W FARMS RD / HOE AV,2563
BAY PZ / BARTOW AV,ST NICHOLAS AV / W 167 ST,4498
BAY PZ / BARTOW AV,VALENTINE AV / E 192 ST,2254
BAY PZ / BARTOW AV,RIVERBANK / STATE PARK,5181
BAY PZ / BARTOW AV,WALNUT AV / E 133 ST,4581
BAY PZ / BARTOW AV,W 231 ST / TIBBETT AV,3405
BAY PZ / BARTOW AV,SEDGWICK AV / WEBB AV,2553
BAY PZ / BARTOW AV,LIC,8594
RIVERBANK / STATE PARK,OLMSTEAD AV / SEWARD AV,3536
RIVERBANK / STATE PARK,CITY ISLAND AV / ROCHELLE ST,5220
RIVERBANK / STATE PARK,BOSTON RD / E 178 ST,3040
RIVERBANK / STATE PARK,WHITE PLAINS RD / E GUN HILL RD,3442
RIVERBANK / STATE PARK,E 136 ST / LINCOLN AV,1680
RIVERBANK / STATE PARK,WESTCHESTER AV / BENSON ST,3761
RIVERBANK / STATE PARK,FOOD CENTER DR / TERMINAL,2761
RIVERBANK / STATE PARK,KATONAH AV / E 242 ST,4440
RIVERBANK / STATE PARK,SEDGWICK AV / FT INDEPENDENCE ST,3219
RIVERBANK / STATE PARK,BROADWAY / W 179 ST,1367
RIVERBANK / STATE PARK,RIVER AV / E 149 ST,943
RIVERBANK / STATE PARK,VALENTINE AV / FORDHAM RD,2898
RIVERBANK / STATE PARK,MELROSE AV / E 150 ST,1377
RIVERBANK / STATE PARK,179 ST / BROADWAY,1364
RIVERBANK / STATE PARK,BROADWAY / W 262 ST,4141
RIVERBANK / STATE PARK,W 179 ST / BROADWAY,1321
RIVERBANK / STATE PARK,W 238 ST / BROADWAY,3566
RIVERBANK / STATE PARK,BAY PZ / BARTOW AV,4793
RIVERBANK / STATE PARK,RIVERSIDE DR W / 157-10 RIVERSIDE DR W,1021
RIVERBANK / STATE PARK,W 125 ST / 12 AV,832
RIVERBANK / STATE PARK,BAINBRIDGE AV / E 206 ST,3508
RIVERBANK / STATE PARK,SOUTHERN BL / BOTANICAL GARDENS,3660
RIVERBANK / STATE PARK,RIVERDALE AV / W 263 ST,4021
RIVERBANK / STATE PARK,3 AV / E FORDHAM RD,3049
RIVERBANK / STATE PARK,W FARMS RD / HOE AV,2455
RIVERBANK / STATE PARK,ST NICHOLAS AV / W 167 ST,1025
RIVERBANK / STATE PARK,VALENTINE AV / E 192 ST,3063
RIVERBANK / STATE PARK,WALNUT AV / E 133 ST,2040
RIVERBANK / STATE PARK,W 231 ST / TIBBETT AV,3319
RIVERBANK / STATE PARK,SEDGWICK AV / WEBB AV,2761
RIVERBANK / STATE PARK,LIC,4586
ST NICHOLAS AV / W 167 ST,OLMSTEAD AV / SEWARD AV,4320
ST NICHOLAS AV / W 167 ST,CITY ISLAND AV / ROCHELLE ST,4020
ST NICHOLAS AV / W 167 ST,BOSTON RD / E 178 ST,3085
ST NICHOLAS AV / W 167 ST,WHITE PLAINS RD / E GUN HILL RD,2722
ST NICHOLAS AV / W 167 ST,E 136 ST / LINCOLN AV,2173
ST NICHOLAS AV / W 167 ST,WESTCHESTER AV / BENSON ST,3738
ST NICHOLAS AV / W 167 ST,FOOD CENTER DR / TERMINAL,2762
ST NICHOLAS AV / W 167 ST,KATONAH AV / E 242 ST,4320
ST NICHOLAS AV / W 167 ST,SEDGWICK AV / FT INDEPENDENCE ST,2063
ST NICHOLAS AV / W 167 ST,BROADWAY / W 179 ST,451
ST NICHOLAS AV / W 167 ST,RIVER AV / E 149 ST,1436
ST NICHOLAS AV / W 167 ST,VALENTINE AV / FORDHAM RD,1817
ST NICHOLAS AV / W 167 ST,MELROSE AV / E 150 ST,1870
ST NICHOLAS AV / W 167 ST,179 ST / BROADWAY,442
ST NICHOLAS AV / W 167 ST,BROADWAY / W 262 ST,2640
ST NICHOLAS AV / W 167 ST,W 179 ST / BROADWAY,492
ST NICHOLAS AV / W 167 ST,W 238 ST / BROADWAY,2065
ST NICHOLAS AV / W 167 ST,BAY PZ / BARTOW AV,3601
ST NICHOLAS AV / W 167 ST,RIVERSIDE DR W / 157-10 RIVERSIDE DR W,841
ST NICHOLAS AV / W 167 ST,W 125 ST / 12 AV,1251
ST NICHOLAS AV / W 167 ST,BAINBRIDGE AV / E 206 ST,2788
ST NICHOLAS AV / W 167 ST,SOUTHERN BL / BOTANICAL GARDENS,2880
ST NICHOLAS AV / W 167 ST,RIVERDALE AV / W 263 ST,2460
ST NICHOLAS AV / W 167 ST,3 AV / E FORDHAM RD,1912
ST NICHOLAS AV / W 167 ST,W FARMS RD / HOE AV,2700
ST NICHOLAS AV / W 167 ST,VALENTINE AV / E 192 ST,1982
ST NICHOLAS AV / W 167 ST,RIVERBANK / STATE PARK,1202
ST NICHOLAS AV / W 167 ST,WALNUT AV / E 133 ST,2379
ST NICHOLAS AV / W 167 ST,W 231 ST / TIBBETT AV,1758
ST NICHOLAS AV / W 167 ST,SEDGWICK AV / WEBB AV,1680
ST NICHOLAS AV / W 167 ST,LIC,5029
ST CLAIRE PL / W 125 ST,OLMSTEAD AV / SEWARD AV,4320
ST CLAIRE PL / W 125 ST,CITY ISLAND AV / ROCHELLE ST,5940
ST CLAIRE PL / W 125 ST,BOSTON RD / E 178 ST,3520
ST CLAIRE PL / W 125 ST,WHITE PLAINS RD / E GUN HILL RD,3922
ST CLAIRE PL / W 125 ST,E 136 ST / LINCOLN AV,1980
ST CLAIRE PL / W 125 ST,WESTCHESTER AV / BENSON ST,4740
ST CLAIRE PL / W 125 ST,FOOD CENTER DR / TERMINAL,3398
ST CLAIRE PL / W 125 ST,KATONAH AV / E 242 ST,4920
ST CLAIRE PL / W 125 ST,SEDGWICK AV / FT INDEPENDENCE ST,3361
ST CLAIRE PL / W 125 ST,BROADWAY / W 179 ST,1496
ST CLAIRE PL / W 125 ST,RIVER AV / E 149 ST,1761
ST CLAIRE PL / W 125 ST,VALENTINE AV / FORDHAM RD,3990
ST CLAIRE PL / W 125 ST,MELROSE AV / E 150 ST,2042
ST CLAIRE PL / W 125 ST,179 ST / BROADWAY,1489
ST CLAIRE PL / W 125 ST,BROADWAY / W 262 ST,4658
ST CLAIRE PL / W 125 ST,W 179 ST / BROADWAY,1505
ST CLAIRE PL / W 125 ST,W 238 ST / BROADWAY,3578
ST CLAIRE PL / W 125 ST,BAY PZ / BARTOW AV,5641
ST CLAIRE PL / W 125 ST,RIVERSIDE DR W / 157-10 RIVERSIDE DR W,1358
ST CLAIRE PL / W 125 ST,W 125 ST / 12 AV,51
ST CLAIRE PL / W 125 ST,BAINBRIDGE AV / E 206 ST,3988
ST CLAIRE PL / W 125 ST,SOUTHERN BL / BOTANICAL GARDENS,4140
ST CLAIRE PL / W 125 ST,RIVERDALE AV / W 263 ST,4418
ST CLAIRE PL / W 125 ST,3 AV / E FORDHAM RD,3660
ST CLAIRE PL / W 125 ST,W FARMS RD / HOE AV,3300
ST CLAIRE PL / W 125 ST,ST NICHOLAS AV / W 167 ST,1104
ST CLAIRE PL / W 125 ST,VALENTINE AV / E 192 ST,4038
ST CLAIRE PL / W 125 ST,RIVERBANK / STATE PARK,651
ST CLAIRE PL / W 125 ST,WALNUT AV / E 133 ST,1980
ST CLAIRE PL / W 125 ST,W 231 ST / TIBBETT AV,3716
ST CLAIRE PL / W 125 ST,SEDGWICK AV / WEBB AV,3398
ST CLAIRE PL / W 125 ST,LIC,3617
SOUNDVIEW AV / SOUNDVIEW FERRY,OLMSTEAD AV / SEWARD AV,1567
SOUNDVIEW AV / SOUNDVIEW FERRY,CITY ISLAND AV / ROCHELLE ST,2947
SOUNDVIEW AV / SOUNDVIEW FERRY,BOSTON RD / E 178 ST,2436
SOUNDVIEW AV / SOUNDVIEW FERRY,WHITE PLAINS RD / E GUN HILL RD,2849
SOUNDVIEW AV / SOUNDVIEW FERRY,E 136 ST / LINCOLN AV,3360
SOUNDVIEW AV / SOUNDVIEW FERRY,WESTCHESTER AV / BENSON ST,1901
SOUNDVIEW AV / SOUNDVIEW FERRY,FOOD CENTER DR / TERMINAL,2880
SOUNDVIEW AV / SOUNDVIEW FERRY,KATONAH AV / E 242 ST,3727
SOUNDVIEW AV / SOUNDVIEW FERRY,SEDGWICK AV / FT INDEPENDENCE ST,3855
SOUNDVIEW AV / SOUNDVIEW FERRY,BROADWAY / W 179 ST,3500
SOUNDVIEW AV / SOUNDVIEW FERRY,RIVER AV / E 149 ST,3588
SOUNDVIEW AV / SOUNDVIEW FERRY,VALENTINE AV / FORDHAM RD,2647
SOUNDVIEW AV / SOUNDVIEW FERRY,MELROSE AV / E 150 ST,2757
SOUNDVIEW AV / SOUNDVIEW FERRY,179 ST / BROADWAY,3493
SOUNDVIEW AV / SOUNDVIEW FERRY,BROADWAY / W 262 ST,4567
SOUNDVIEW AV / SOUNDVIEW FERRY,W 179 ST / BROADWAY,3568
SOUNDVIEW AV / SOUNDVIEW FERRY,W 238 ST / BROADWAY,3907
SOUNDVIEW AV / SOUNDVIEW FERRY,BAY PZ / BARTOW AV,2760
SOUNDVIEW AV / SOUNDVIEW FERRY,RIVERSIDE DR W / 157-10 RIVERSIDE DR W,3480
SOUNDVIEW AV / SOUNDVIEW FERRY,W 125 ST / 12 AV,5040
SOUNDVIEW AV / SOUNDVIEW FERRY,BAINBRIDGE AV / E 206 ST,4027
SOUNDVIEW AV / SOUNDVIEW FERRY,SOUTHERN BL / BOTANICAL GARDENS,3007
SOUNDVIEW AV / SOUNDVIEW FERRY,RIVERDALE AV / W 263 ST,5047
SOUNDVIEW AV / SOUNDVIEW FERRY,3 AV / E FORDHAM RD,2483
SOUNDVIEW AV / SOUNDVIEW FERRY,W FARMS RD / HOE AV,1559
SOUNDVIEW AV / SOUNDVIEW FERRY,ST NICHOLAS AV / W 167 ST,4251
SOUNDVIEW AV / SOUNDVIEW FERRY,VALENTINE AV / E 192 ST,2814
SOUNDVIEW AV / SOUNDVIEW FERRY,RIVERBANK / STATE PARK,4560
SOUNDVIEW AV / SOUNDVIEW FERRY,WALNUT AV / E 133 ST,3960
SOUNDVIEW AV / SOUNDVIEW FERRY,W 231 ST / TIBBETT AV,4345
SOUNDVIEW AV / SOUNDVIEW FERRY,SEDGWICK AV / WEBB AV,3307
RIVERDALE AV / W 263 ST,OLMSTEAD AV / SEWARD AV,4383
RIVERDALE AV / W 263 ST,CITY ISLAND AV / ROCHELLE ST,4260
RIVERDALE AV / W 263 ST,BOSTON RD / E 178 ST,3060
RIVERDALE AV / W 263 ST,WHITE PLAINS RD / E GUN HILL RD,2962
RIVERDALE AV / W 263 ST,E 136 ST / LINCOLN AV,4560
RIVERDALE AV / W 263 ST,WESTCHESTER AV / BENSON ST,3978
RIVERDALE AV / W 263 ST,FOOD CENTER DR / TERMINAL,4860
RIVERDALE AV / W 263 ST,KATONAH AV / E 242 ST,4860
RIVERDALE AV / W 263 ST,SEDGWICK AV / FT INDEPENDENCE ST,1643
RIVERDALE AV / W 263 ST,BROADWAY / W 179 ST,2351
RIVERDALE AV / W 263 ST,RIVER AV / E 149 ST,4380
RIVERDALE AV / W 263 ST,VALENTINE AV / FORDHAM RD,2057
RIVERDALE AV / W 263 ST,MELROSE AV / E 150 ST,3840
RIVERDALE AV / W 263 ST,179 ST / BROADWAY,2347
RIVERDALE AV / W 263 ST,BROADWAY / W 262 ST,2160
RIVERDALE AV / W 263 ST,W 179 ST / BROADWAY,2345
RIVERDALE AV / W 263 ST,W 238 ST / BROADWAY,1585
RIVERDALE AV / W 263 ST,BAY PZ / BARTOW AV,3841
RIVERDALE AV / W 263 ST,RIVERSIDE DR W / 157-10 RIVERSIDE DR W,3247
RIVERDALE AV / W 263 ST,W 125 ST / 12 AV,3891
RIVERDALE AV / W 263 ST,BAINBRIDGE AV / E 206 ST,2837
RIVERDALE AV / W 263 ST,SOUTHERN BL / BOTANICAL GARDENS,3120
RIVERDALE AV / W 263 ST,3 AV / E FORDHAM RD,2152
RIVERDALE AV / W 263 ST,W FARMS RD / HOE AV,4260
RIVERDALE AV / W 263 ST,ST NICHOLAS AV / W 167 ST,2580
RIVERDALE AV / W 263 ST,VALENTINE AV / E 192 ST,1997
RIVERDALE AV / W 263 ST,RIVERBANK / STATE PARK,3540
RIVERDALE AV / W 263 ST,WALNUT AV / E 133 ST,5400
RIVERDALE AV / W 263 ST,W 231 ST / TIBBETT AV,763
RIVERDALE AV / W 263 ST,SEDGWICK AV / WEBB AV,1920
RIVERDALE AV / W 263 ST,LIC,7847
EARHART LA / ERSKINE PL,OLMSTEAD AV / SEWARD AV,1565
EARHART LA / ERSKINE PL,CITY ISLAND AV / ROCHELLE ST,1202
EARHART LA / ERSKINE PL,BOSTON RD / E 178 ST,2930
EARHART LA / ERSKINE PL,WHITE PLAINS RD / E GUN HILL RD,1610
EARHART LA / ERSKINE PL,E 136 ST / LINCOLN AV,4440
EARHART LA / ERSKINE PL,WESTCHESTER AV / BENSON ST,2382
EARHART LA / ERSKINE PL,FOOD CENTER DR / TERMINAL,3482
EARHART LA / ERSKINE PL,KATONAH AV / E 242 ST,2820
EARHART LA / ERSKINE PL,SEDGWICK AV / FT INDEPENDENCE ST,3060
EARHART LA / ERSKINE PL,BROADWAY / W 179 ST,3720
EARHART LA / ERSKINE PL,RIVER AV / E 149 ST,4567
EARHART LA / ERSKINE PL,VALENTINE AV / FORDHAM RD,2470
EARHART LA / ERSKINE PL,MELROSE AV / E 150 ST,3900
EARHART LA / ERSKINE PL,179 ST / BROADWAY,3732
EARHART LA / ERSKINE PL,BROADWAY / W 262 ST,4740
EARHART LA / ERSKINE PL,W 179 ST / BROADWAY,3793
EARHART LA / ERSKINE PL,W 238 ST / BROADWAY,3300
EARHART LA / ERSKINE PL,BAY PZ / BARTOW AV,341
EARHART LA / ERSKINE PL,RIVERSIDE DR W / 157-10 RIVERSIDE DR W,4082
EARHART LA / ERSKINE PL,W 125 ST / 12 AV,5751
EARHART LA / ERSKINE PL,BAINBRIDGE AV / E 206 ST,2229
EARHART LA / ERSKINE PL,SOUTHERN BL / BOTANICAL GARDENS,2460
EARHART LA / ERSKINE PL,RIVERDALE AV / W 263 ST,4440
EARHART LA / ERSKINE PL,3 AV / E FORDHAM RD,2439
EARHART LA / ERSKINE PL,W FARMS RD / HOE AV,2544
EARHART LA / ERSKINE PL,ST NICHOLAS AV / W 167 ST,3782
EARHART LA / ERSKINE PL,VALENTINE AV / E 192 ST,2633
EARHART LA / ERSKINE PL,RIVERBANK / STATE PARK,5222
EARHART LA / ERSKINE PL,WALNUT AV / E 133 ST,6000
EARHART LA / ERSKINE PL,W 231 ST / TIBBETT AV,3458
EARHART LA / ERSKINE PL,SEDGWICK AV / WEBB AV,2932
SOUTHERN BL / BOTANICAL GARDENS,OLMSTEAD AV / SEWARD AV,2400
SOUTHERN BL / BOTANICAL GARDENS,CITY ISLAND AV / ROCHELLE ST,2361
SOUTHERN BL / BOTANICAL GARDENS,BOSTON RD / E 178 ST,1018
SOUTHERN BL / BOTANICAL GARDENS,WHITE PLAINS RD / E GUN HILL RD,1109
SOUTHERN BL / BOTANICAL GARDENS,E 136 ST / LINCOLN AV,2520
SOUTHERN BL / BOTANICAL GARDENS,WESTCHESTER AV / BENSON ST,2255
SOUTHERN BL / BOTANICAL GARDENS,FOOD CENTER DR / TERMINAL,2100
SOUTHERN BL / BOTANICAL GARDENS,KATONAH AV / E 242 ST,1949
SOUTHERN BL / BOTANICAL GARDENS,SEDGWICK AV / FT INDEPENDENCE ST,1740
SOUTHERN BL / BOTANICAL GARDENS,BROADWAY / W 179 ST,2017
SOUTHERN BL / BOTANICAL GARDENS,RIVER AV / E 149 ST,2773
SOUTHERN BL / BOTANICAL GARDENS,VALENTINE AV / FORDHAM RD,619
SOUTHERN BL / BOTANICAL GARDENS,MELROSE AV / E 150 ST,2454
SOUTHERN BL / BOTANICAL GARDENS,179 ST / BROADWAY,2029
SOUTHERN BL / BOTANICAL GARDENS,BROADWAY / W 262 ST,2586
SOUTHERN BL / BOTANICAL GARDENS,W 179 ST / BROADWAY,2090
SOUTHERN BL / BOTANICAL GARDENS,W 238 ST / BROADWAY,1957
SOUTHERN BL / BOTANICAL GARDENS,BAY PZ / BARTOW AV,1981
SOUTHERN BL / BOTANICAL GARDENS,RIVERSIDE DR W / 157-10 RIVERSIDE DR W,3420
SOUTHERN BL / BOTANICAL GARDENS,W 125 ST / 12 AV,3928
SOUTHERN BL / BOTANICAL GARDENS,BAINBRIDGE AV / E 206 ST,1134
SOUTHERN BL / BOTANICAL GARDENS,RIVERDALE AV / W 263 ST,2737
SOUTHERN BL / BOTANICAL GARDENS,3 AV / E FORDHAM RD,510
SOUTHERN BL / BOTANICAL GARDENS,W FARMS RD / HOE AV,1422
SOUTHERN BL / BOTANICAL GARDENS,ST NICHOLAS AV / W 167 ST,2617
SOUTHERN BL / BOTANICAL GARDENS,VALENTINE AV / E 192 ST,782
SOUTHERN BL / BOTANICAL GARDENS,RIVERBANK / STATE PARK,3660
SOUTHERN BL / BOTANICAL GARDENS,WALNUT AV / E 133 ST,3148
SOUTHERN BL / BOTANICAL GARDENS,W 231 ST / TIBBETT AV,2035
SOUTHERN BL / BOTANICAL GARDENS,SEDGWICK AV / WEBB AV,1064
SOUTHERN BL / BOTANICAL GARDENS,LIC,6527
W 135 ST / ST NICHOLAS AV,OLMSTEAD AV / SEWARD AV,3780
W 135 ST / ST NICHOLAS AV,CITY ISLAND AV / ROCHELLE ST,5707
W 135 ST / ST NICHOLAS AV,BOSTON RD / E 178 ST,2860
W 135 ST / ST NICHOLAS AV,WHITE PLAINS RD / E GUN HILL RD,3262
W 135 ST / ST NICHOLAS AV,E 136 ST / LINCOLN AV,900
W 135 ST / ST NICHOLAS AV,WESTCHESTER AV / BENSON ST,4080
W 135 ST / ST NICHOLAS AV,FOOD CENTER DR / TERMINAL,2947
W 135 ST / ST NICHOLAS AV,KATONAH AV / E 242 ST,4980
W 135 ST / ST NICHOLAS AV,SEDGWICK AV / FT INDEPENDENCE ST,3038
W 135 ST / ST NICHOLAS AV,BROADWAY / W 179 ST,1612
W 135 ST / ST NICHOLAS AV,RIVER AV / E 149 ST,1005
W 135 ST / ST NICHOLAS AV,VALENTINE AV / FORDHAM RD,3084
W 135 ST / ST NICHOLAS AV,MELROSE AV / E 150 ST,1502
W 135 ST / ST NICHOLAS AV,179 ST / BROADWAY,1607
W 135 ST / ST NICHOLAS AV,BROADWAY / W 262 ST,4327
W 135 ST / ST NICHOLAS AV,W 179 ST / BROADWAY,1629
W 135 ST / ST NICHOLAS AV,W 238 ST / BROADWAY,3255
W 135 ST / ST NICHOLAS AV,BAY PZ / BARTOW AV,4868
W 135 ST / ST NICHOLAS AV,RIVERSIDE DR W / 157-10 RIVERSIDE DR W,1207
W 135 ST / ST NICHOLAS AV,W 125 ST / 12 AV,926
W 135 ST / ST NICHOLAS AV,BAINBRIDGE AV / E 206 ST,3328
W 135 ST / ST NICHOLAS AV,SOUTHERN BL / BOTANICAL GARDENS,3420
W 135 ST / ST NICHOLAS AV,RIVERDALE AV / W 263 ST,4207
W 135 ST / ST NICHOLAS AV,3 AV / E FORDHAM RD,3060
W 135 ST / ST NICHOLAS AV,W FARMS RD / HOE AV,2760
W 135 ST / ST NICHOLAS AV,ST NICHOLAS AV / W 167 ST,939
W 135 ST / ST NICHOLAS AV,VALENTINE AV / E 192 ST,3249
W 135 ST / ST NICHOLAS AV,RIVERBANK / STATE PARK,962
W 135 ST / ST NICHOLAS AV,WALNUT AV / E 133 ST,1200
W 135 ST / ST NICHOLAS AV,W 231 ST / TIBBETT AV,3505
W 135 ST / ST NICHOLAS AV,SEDGWICK AV / WEBB AV,2835
W 135 ST / ST NICHOLAS AV,LIC,3117
RIVERSIDE DR W / 157-10 RIVERSIDE DR W,OLMSTEAD AV / SEWARD AV,3356
RIVERSIDE DR W / 157-10 RIVERSIDE DR W,CITY ISLAND AV / ROCHELLE ST,5040
RIVERSIDE DR W / 157-10 RIVERSIDE DR W,BOSTON RD / E 178 ST,2860
RIVERSIDE DR W / 157-10 RIVERSIDE DR W,WHITE PLAINS RD / E GUN HILL RD,3262
RIVERSIDE DR W / 157-10 RIVERSIDE DR W,E 136 ST / LINCOLN AV,2220
RIVERSIDE DR W / 157-10 RIVERSIDE DR W,WESTCHESTER AV / BENSON ST,3762
RIVERSIDE DR W / 157-10 RIVERSIDE DR W,FOOD CENTER DR / TERMINAL,2280
RIVERSIDE DR W / 157-10 RIVERSIDE DR W,KATONAH AV / E 242 ST,4860
RIVERSIDE DR W / 157-10 RIVERSIDE DR W,SEDGWICK AV / FT INDEPENDENCE ST,3203
RIVERSIDE DR W / 157-10 RIVERSIDE DR W,BROADWAY / W 179 ST,1002
RIVERSIDE DR W / 157-10 RIVERSIDE DR W,RIVER AV / E 149 ST,1320
RIVERSIDE DR W / 157-10 RIVERSIDE DR W,VALENTINE AV / FORDHAM RD,3064
RIVERSIDE DR W / 157-10 RIVERSIDE DR W,MELROSE AV / E 150 ST,1560
RIVERSIDE DR W / 157-10 RIVERSIDE DR W,179 ST / BROADWAY,999
RIVERSIDE DR W / 157-10 RIVERSIDE DR W,BROADWAY / W 262 ST,4380
RIVERSIDE DR W / 157-10 RIVERSIDE DR W,W 179 ST / BROADWAY,956
RIVERSIDE DR W / 157-10 RIVERSIDE DR W,W 238 ST / BROADWAY,3420
RIVERSIDE DR W / 157-10 RIVERSIDE DR W,BAY PZ / BARTOW AV,4613
RIVERSIDE DR W / 157-10 RIVERSIDE DR W,W 125 ST / 12 AV,1174
RIVERSIDE DR W / 157-10 RIVERSIDE DR W,BAINBRIDGE AV / E 206 ST,3328
RIVERSIDE DR W / 157-10 RIVERSIDE DR W,SOUTHERN BL / BOTANICAL GARDENS,3420
RIVERSIDE DR W / 157-10 RIVERSIDE DR W,RIVERDALE AV / W 263 ST,4260
RIVERSIDE DR W / 157-10 RIVERSIDE DR W,3 AV / E FORDHAM RD,2869
RIVERSIDE DR W / 157-10 RIVERSIDE DR W,W FARMS RD / HOE AV,2062
RIVERSIDE DR W / 157-10 RIVERSIDE DR W,ST NICHOLAS AV / W 167 ST,660
RIVERSIDE DR W / 157-10 RIVERSIDE DR W,VALENTINE AV / E 192 ST,3059
RIVERSIDE DR W / 157-10 RIVERSIDE DR W,RIVERBANK / STATE PARK,1125
RIVERSIDE DR W / 157-10 RIVERSIDE DR W,WALNUT AV / E 133 ST,2520
RIVERSIDE DR W / 157-10 RIVERSIDE DR W,W 231 ST / TIBBETT AV,3558
RIVERSIDE DR W / 157-10 RIVERSIDE DR W,SEDGWICK AV / WEBB AV,2512
RIVERSIDE DR W / 157-10 RIVERSIDE DR W,LIC,4952
AMEDOLA PL / WILKINSON AV,OLMSTEAD AV / SEWARD AV,939
AMEDOLA PL / WILKINSON AV,CITY ISLAND AV / ROCHELLE ST,697
AMEDOLA PL / WILKINSON AV,BOSTON RD / E 178 ST,1406
AMEDOLA PL / WILKINSON AV,WHITE PLAINS RD / E GUN HILL RD,1550
AMEDOLA PL / WILKINSON AV,E 136 ST / LINCOLN AV,3336
AMEDOLA PL / WILKINSON AV,WESTCHESTER AV / BENSON ST,679
AMEDOLA PL / WILKINSON AV,FOOD CENTER DR / TERMINAL,2856
AMEDOLA PL / WILKINSON AV,KATONAH AV / E 242 ST,2500
AMEDOLA PL / WILKINSON AV,SEDGWICK AV / FT INDEPENDENCE ST,2283
AMEDOLA PL / WILKINSON AV,BROADWAY / W 179 ST,2980
AMEDOLA PL / WILKINSON AV,RIVER AV / E 149 ST,3469
AMEDOLA PL / WILKINSON AV,VALENTINE AV / FORDHAM RD,1430
AMEDOLA PL / WILKINSON AV,MELROSE AV / E 150 ST,2733
AMEDOLA PL / WILKINSON AV,179 ST / BROADWAY,2992
AMEDOLA PL / WILKINSON AV,BROADWAY / W 262 ST,3220
AMEDOLA PL / WILKINSON AV,W 179 ST / BROADWAY,3053
AMEDOLA PL / WILKINSON AV,W 238 ST / BROADWAY,2500
AMEDOLA PL / WILKINSON AV,BAY PZ / BARTOW AV,481
AMEDOLA PL / WILKINSON AV,RIVERSIDE DR W / 157-10 RIVERSIDE DR W,3456
AMEDOLA PL / WILKINSON AV,W 125 ST / 12 AV,4236
AMEDOLA PL / WILKINSON AV,BAINBRIDGE AV / E 206 ST,2045
AMEDOLA PL / WILKINSON AV,SOUTHERN BL / BOTANICAL GARDENS,1240
AMEDOLA PL / WILKINSON AV,RIVERDALE AV / W 263 ST,3460
AMEDOLA PL / WILKINSON AV,3 AV / E FORDHAM RD,1399
AMEDOLA PL / WILKINSON AV,W FARMS RD / HOE AV,1918
AMEDOLA PL / WILKINSON AV,ST NICHOLAS AV / W 167 ST,3460
AMEDOLA PL / WILKINSON AV,VALENTINE AV / E 192 ST,1593
AMEDOLA PL / WILKINSON AV,RIVERBANK / STATE PARK,4356
AMEDOLA PL / WILKINSON AV,WALNUT AV / E 133 ST,4240
AMEDOLA PL / WILKINSON AV,W 231 ST / TIBBETT AV,2758
AMEDOLA PL / WILKINSON AV,SEDGWICK AV / WEBB AV,1892
AMEDOLA PL / WILKINSON AV,LIC,7587
LIC,OLMSTEAD AV / SEWARD AV,6224
LIC,CITY ISLAND AV / ROCHELLE ST,8148
LIC,BOSTON RD / E 178 ST,5177
LIC,WHITE PLAINS RD / E GUN HILL RD,5590
LIC,E 136 ST / LINCOLN AV,3768
LIC,WESTCHESTER AV / BENSON ST,6690
LIC,FOOD CENTER DR / TERMINAL,5868
LIC,KATONAH AV / E 242 ST,7848
LIC,SEDGWICK AV / FT INDEPENDENCE ST,5891
LIC,BROADWAY / W 179 ST,3906
LIC,RIVER AV / E 149 ST,3391
LIC,VALENTINE AV / FORDHAM RD,6018
LIC,MELROSE AV / E 150 ST,3825
LIC,179 ST / BROADWAY,3899
LIC,BROADWAY / W 262 ST,6768
LIC,W 179 ST / BROADWAY,3915
LIC,W 238 ST / BROADWAY,6108
LIC,BAY PZ / BARTOW AV,7481
LIC,RIVERSIDE DR W / 157-10 RIVERSIDE DR W,3588
LIC,W 125 ST / 12 AV,3021
LIC,BAINBRIDGE AV / E 206 ST,6331
LIC,SOUTHERN BL / BOTANICAL GARDENS,6168
LIC,RIVERDALE AV / W 263 ST,6408
LIC,3 AV / E FORDHAM RD,5688
LIC,W FARMS RD / HOE AV,4963
LIC,ST NICHOLAS AV / W 167 ST,3547
LIC,VALENTINE AV / E 192 ST,6066
LIC,RIVERBANK / STATE PARK,3228
LIC,WALNUT AV / E 133 ST,4068
LIC,W 231 ST / TIBBETT AV,5657
LIC,SEDGWICK AV / WEBB AV,5868
