RIVERBANK / STATE PARK,SOUTHERN BL / BOTANICAL GARDENS,3840
RIVERBANK / STATE PARK,CO-OP CITY BL / Bartow Av,5541
RIVERBANK / STATE PARK,BROADWAY / W 179 ST,1234
RIVERBANK / STATE PARK,RIVERDALE AV / W 263 ST,3781
RIVERBANK / STATE PARK,KATONAH AV / E 242 ST,4620
RIVERBANK / STATE PARK,3 AV / E FORDHAM RD,3109
RIVERBANK / STATE PARK,E 135 ST / ST ANN S AV,2400
RIVERBANK / STATE PARK,VALENTINE AV / FORDHAM RD,2930
RIVERBANK / STATE PARK,SOUNDVIEW AV / CORNELL AV,4020
RIVERBANK / STATE PARK,W 125 ST / 12 AV,567
RIVERBANK / STATE PARK,W 179 ST / BROADWAY,1243
RIVERBANK / STATE PARK,PENNYFIELD AV / FT SCHUYLER ENT,5880
RIVERBANK / STATE PARK,ST NICHOLAS AV / W 167 ST,908
RIVERBANK / STATE PARK,WALNUT AV / E 133 ST,2520
RIVERBANK / STATE PARK,W FARMS RD / WESTCHESTER AV,2695
RIVERBANK / STATE PARK,Parking Ramp / Access Rd,4633
RIVERBANK / STATE PARK,BROADWAY / W 262 ST,3781
RIVERBANK / STATE PARK,TREMONT AV / LANE AV,4034
RIVERBANK / STATE PARK,E 136 ST / LINCOLN AV,1740
RIVERBANK / STATE PARK,WEST FARMS RD / HOE AV,2682
RIVERBANK / STATE PARK,ERSKINE PL / EARHART LA,5520
RIVERBANK / STATE PARK,W 135 ST / ST NICHOLAS AV,704
RIVERBANK / STATE PARK,179 ST / BROADWAY,1227
RIVERBANK / STATE PARK,SOUTHERN BL / WESTCHESTER AV,2613
RIVERBANK / STATE PARK,BAINBRIDGE AV / E 206 ST,3599
RIVERBANK / STATE PARK,LANE AV / BENSON AV,3960
RIVERBANK / STATE PARK,OLMSTEAD AV / SEWARD AV,4080
RIVERBANK / STATE PARK,E 149 ST / BERGEN AV,1525
RIVERBANK / STATE PARK,LIC,3850
CITY ISLAND AV / ROCHELLE ST,SOUTHERN BL / BOTANICAL GARDENS,2700
CITY ISLAND AV / ROCHELLE ST,CO-OP CITY BL / Bartow Av,1380
CITY ISLAND AV / ROCHELLE ST,BROADWAY / W 179 ST,3780
CITY ISLAND AV / ROCHELLE ST,RIVERDALE AV / W 263 ST,4920
CITY ISLAND AV / ROCHELLE ST,KATONAH AV / E 242 ST,4380
CITY ISLAND AV / ROCHELLE ST,3 AV / E FORDHAM RD,2294
CITY ISLAND AV / ROCHELLE ST,E 135 ST / ST ANN S AV,4560
CITY ISLAND AV / ROCHELLE ST,VALENTINE AV / FORDHAM RD,2367
CITY ISLAND AV / ROCHELLE ST,SOUNDVIEW AV / CORNELL AV,3423
CITY ISLAND AV / ROCHELLE ST,W 125 ST / 12 AV,5453
CITY ISLAND AV / ROCHELLE ST,W 179 ST / BROADWAY,3853
CITY ISLAND AV / ROCHELLE ST,PENNYFIELD AV / FT SCHUYLER ENT,3300
CITY ISLAND AV / ROCHELLE ST,ST NICHOLAS AV / W 167 ST,4200
CITY ISLAND AV / ROCHELLE ST,WALNUT AV / E 133 ST,4860
CITY ISLAND AV / ROCHELLE ST,W FARMS RD / WESTCHESTER AV,3862
CITY ISLAND AV / ROCHELLE ST,Parking Ramp / Access Rd,1459
CITY ISLAND AV / ROCHELLE ST,BROADWAY / W 262 ST,5100
CITY ISLAND AV / ROCHELLE ST,TREMONT AV / LANE AV,2520
CITY ISLAND AV / ROCHELLE ST,E 136 ST / LINCOLN AV,4920
CITY ISLAND AV / ROCHELLE ST,WEST FARMS RD / HOE AV,3849
CITY ISLAND AV / ROCHELLE ST,RIVERBANK / STATE PARK,5640
CITY ISLAND AV / ROCHELLE ST,ERSKINE PL / EARHART LA,1980
CITY ISLAND AV / ROCHELLE ST,W 135 ST / ST NICHOLAS AV,5329
CITY ISLAND AV / ROCHELLE ST,179 ST / BROADWAY,3792
CITY ISLAND AV / ROCHELLE ST,SOUTHERN BL / WESTCHESTER AV,3780
CITY ISLAND AV / ROCHELLE ST,BAINBRIDGE AV / E 206 ST,4080
CITY ISLAND AV / ROCHELLE ST,LANE AV / BENSON AV,3090
CITY ISLAND AV / ROCHELLE ST,OLMSTEAD AV / SEWARD AV,2763
CITY ISLAND AV / ROCHELLE ST,E 149 ST / BERGEN AV,4077
W 238 ST / BROADWAY,SOUTHERN BL / BOTANICAL GARDENS,2364
W 238 ST / BROADWAY,CO-OP CITY BL / Bartow Av,3511
W 238 ST / BROADWAY,BROADWAY / W 179 ST,1920
W 238 ST / BROADWAY,RIVERDALE AV / W 263 ST,1575
W 238 ST / BROADWAY,KATONAH AV / E 242 ST,2844
W 238 ST / BROADWAY,3 AV / E FORDHAM RD,1494
W 238 ST / BROADWAY,E 135 ST / ST ANN S AV,4104
W 238 ST / BROADWAY,VALENTINE AV / FORDHAM RD,1399
W 238 ST / BROADWAY,SOUNDVIEW AV / CORNELL AV,3663
W 238 ST / BROADWAY,W 125 ST / 12 AV,3377
W 238 ST / BROADWAY,W 179 ST / BROADWAY,1949
W 238 ST / BROADWAY,PENNYFIELD AV / FT SCHUYLER ENT,4464
W 238 ST / BROADWAY,ST NICHOLAS AV / W 167 ST,2184
W 238 ST / BROADWAY,WALNUT AV / E 133 ST,4584
W 238 ST / BROADWAY,W FARMS RD / WESTCHESTER AV,3643
W 238 ST / BROADWAY,Parking Ramp / Access Rd,2877
W 238 ST / BROADWAY,BROADWAY / W 262 ST,606
W 238 ST / BROADWAY,TREMONT AV / LANE AV,2886
W 238 ST / BROADWAY,E 136 ST / LINCOLN AV,4080
W 238 ST / BROADWAY,WEST FARMS RD / HOE AV,3631
W 238 ST / BROADWAY,RIVERBANK / STATE PARK,3084
W 238 ST / BROADWAY,ERSKINE PL / EARHART LA,3840
W 238 ST / BROADWAY,W 135 ST / ST NICHOLAS AV,3430
W 238 ST / BROADWAY,179 ST / BROADWAY,1932
W 238 ST / BROADWAY,SOUTHERN BL / WESTCHESTER AV,3564
W 238 ST / BROADWAY,BAINBRIDGE AV / E 206 ST,1658
W 238 ST / BROADWAY,LANE AV / BENSON AV,2956
W 238 ST / BROADWAY,OLMSTEAD AV / SEWARD AV,3528
W 238 ST / BROADWAY,E 149 ST / BERGEN AV,2961
W 238 ST / BROADWAY,LIC,7272
ST NICHOLAS AV / W 167 ST,SOUTHERN BL / BOTANICAL GARDENS,3420
ST NICHOLAS AV / W 167 ST,CO-OP CITY BL / Bartow Av,4387
ST NICHOLAS AV / W 167 ST,BROADWAY / W 179 ST,395
ST NICHOLAS AV / W 167 ST,RIVERDALE AV / W 263 ST,2640
ST NICHOLAS AV / W 167 ST,KATONAH AV / E 242 ST,4620
ST NICHOLAS AV / W 167 ST,3 AV / E FORDHAM RD,2473
ST NICHOLAS AV / W 167 ST,E 135 ST / ST ANN S AV,2411
ST NICHOLAS AV / W 167 ST,VALENTINE AV / FORDHAM RD,2374
ST NICHOLAS AV / W 167 ST,SOUNDVIEW AV / CORNELL AV,3942
ST NICHOLAS AV / W 167 ST,W 125 ST / 12 AV,1582
ST NICHOLAS AV / W 167 ST,W 179 ST / BROADWAY,412
ST NICHOLAS AV / W 167 ST,PENNYFIELD AV / FT SCHUYLER ENT,4599
ST NICHOLAS AV / W 167 ST,WALNUT AV / E 133 ST,2411
ST NICHOLAS AV / W 167 ST,W FARMS RD / WESTCHESTER AV,2647
ST NICHOLAS AV / W 167 ST,Parking Ramp / Access Rd,4077
ST NICHOLAS AV / W 167 ST,BROADWAY / W 262 ST,2700
ST NICHOLAS AV / W 167 ST,TREMONT AV / LANE AV,3960
ST NICHOLAS AV / W 167 ST,E 136 ST / LINCOLN AV,1751
ST NICHOLAS AV / W 167 ST,WEST FARMS RD / HOE AV,2630
ST NICHOLAS AV / W 167 ST,RIVERBANK / STATE PARK,1189
ST NICHOLAS AV / W 167 ST,ERSKINE PL / EARHART LA,4620
ST NICHOLAS AV / W 167 ST,W 135 ST / ST NICHOLAS AV,1183
ST NICHOLAS AV / W 167 ST,179 ST / BROADWAY,390
ST NICHOLAS AV / W 167 ST,SOUTHERN BL / WESTCHESTER AV,2699
ST NICHOLAS AV / W 167 ST,BAINBRIDGE AV / E 206 ST,3289
ST NICHOLAS AV / W 167 ST,LANE AV / BENSON AV,4034
ST NICHOLAS AV / W 167 ST,OLMSTEAD AV / SEWARD AV,3339
ST NICHOLAS AV / W 167 ST,E 149 ST / BERGEN AV,1536
ST NICHOLAS AV / W 167 ST,LIC,4608
TREMONT AV / LANE AV,SOUTHERN BL / BOTANICAL GARDENS,1980
TREMONT AV / LANE AV,CO-OP CITY BL / Bartow Av,1678
TREMONT AV / LANE AV,BROADWAY / W 179 ST,3120
TREMONT AV / LANE AV,RIVERDALE AV / W 263 ST,4221
TREMONT AV / LANE AV,KATONAH AV / E 242 ST,2494
TREMONT AV / LANE AV,3 AV / E FORDHAM RD,1816
TREMONT AV / LANE AV,E 135 ST / ST ANN S AV,2647
TREMONT AV / LANE AV,VALENTINE AV / FORDHAM RD,1980
TREMONT AV / LANE AV,SOUNDVIEW AV / CORNELL AV,1810
TREMONT AV / LANE AV,W 125 ST / 12 AV,4920
TREMONT AV / LANE AV,W 179 ST / BROADWAY,3240
TREMONT AV / LANE AV,PENNYFIELD AV / FT SCHUYLER ENT,1094
TREMONT AV / LANE AV,ST NICHOLAS AV / W 167 ST,3618
TREMONT AV / LANE AV,WALNUT AV / E 133 ST,2647
TREMONT AV / LANE AV,W FARMS RD / WESTCHESTER AV,1468
TREMONT AV / LANE AV,Parking Ramp / Access Rd,1066
TREMONT AV / LANE AV,BROADWAY / W 262 ST,4200
TREMONT AV / LANE AV,E 136 ST / LINCOLN AV,2887
TREMONT AV / LANE AV,WEST FARMS RD / HOE AV,1477
TREMONT AV / LANE AV,RIVERBANK / STATE PARK,4087
TREMONT AV / LANE AV,ERSKINE PL / EARHART LA,1429
TREMONT AV / LANE AV,W 135 ST / ST NICHOLAS AV,4151
TREMONT AV / LANE AV,179 ST / BROADWAY,3132
TREMONT AV / LANE AV,SOUTHERN BL / WESTCHESTER AV,1528
TREMONT AV / LANE AV,BAINBRIDGE AV / E 206 ST,2487
TREMONT AV / LANE AV,LANE AV / BENSON AV,78
TREMONT AV / LANE AV,OLMSTEAD AV / SEWARD AV,1147
TREMONT AV / LANE AV,E 149 ST / BERGEN AV,2167
TREMONT AV / LANE AV,LIC,6552
ST CLAIRE PL / W 125 ST,SOUTHERN BL / BOTANICAL GARDENS,4290
ST CLAIRE PL / W 125 ST,CO-OP CITY BL / Bartow Av,4770
ST CLAIRE PL / W 125 ST,BROADWAY / W 179 ST,1428
ST CLAIRE PL / W 125 ST,RIVERDALE AV / W 263 ST,4290
ST CLAIRE PL / W 125 ST,KATONAH AV / E 242 ST,5070
ST CLAIRE PL / W 125 ST,3 AV / E FORDHAM RD,3660
ST CLAIRE PL / W 125 ST,E 135 ST / ST ANN S AV,2640
ST CLAIRE PL / W 125 ST,VALENTINE AV / FORDHAM RD,3124
ST CLAIRE PL / W 125 ST,SOUNDVIEW AV / CORNELL AV,4233
ST CLAIRE PL / W 125 ST,W 125 ST / 12 AV,51
ST CLAIRE PL / W 125 ST,W 179 ST / BROADWAY,1437
ST CLAIRE PL / W 125 ST,PENNYFIELD AV / FT SCHUYLER ENT,4890
ST CLAIRE PL / W 125 ST,ST NICHOLAS AV / W 167 ST,1102
ST CLAIRE PL / W 125 ST,WALNUT AV / E 133 ST,2040
ST CLAIRE PL / W 125 ST,W FARMS RD / WESTCHESTER AV,3145
ST CLAIRE PL / W 125 ST,Parking Ramp / Access Rd,4650
ST CLAIRE PL / W 125 ST,BROADWAY / W 262 ST,4290
ST CLAIRE PL / W 125 ST,TREMONT AV / LANE AV,4274
ST CLAIRE PL / W 125 ST,E 136 ST / LINCOLN AV,2040
ST CLAIRE PL / W 125 ST,WEST FARMS RD / HOE AV,3132
ST CLAIRE PL / W 125 ST,RIVERBANK / STATE PARK,630
ST CLAIRE PL / W 125 ST,ERSKINE PL / EARHART LA,5010
ST CLAIRE PL / W 125 ST,W 135 ST / ST NICHOLAS AV,802
ST CLAIRE PL / W 125 ST,179 ST / BROADWAY,1421
ST CLAIRE PL / W 125 ST,SOUTHERN BL / WESTCHESTER AV,3063
ST CLAIRE PL / W 125 ST,BAINBRIDGE AV / E 206 ST,4049
ST CLAIRE PL / W 125 ST,LANE AV / BENSON AV,4200
ST CLAIRE PL / W 125 ST,OLMSTEAD AV / SEWARD AV,3630
ST CLAIRE PL / W 125 ST,E 149 ST / BERGEN AV,1975
ST CLAIRE PL / W 125 ST,LIC,3372
FORDHAM PLAZA / BUS TERMINAL,SOUTHERN BL / BOTANICAL GARDENS,531
FORDHAM PLAZA / BUS TERMINAL,CO-OP CITY BL / Bartow Av,2160
FORDHAM PLAZA / BUS TERMINAL,BROADWAY / W 179 ST,1754
FORDHAM PLAZA / BUS TERMINAL,RIVERDALE AV / W 263 ST,2729
FORDHAM PLAZA / BUS TERMINAL,KATONAH AV / E 242 ST,1436
FORDHAM PLAZA / BUS TERMINAL,3 AV / E FORDHAM RD,77
FORDHAM PLAZA / BUS TERMINAL,E 135 ST / ST ANN S AV,2640
FORDHAM PLAZA / BUS TERMINAL,VALENTINE AV / FORDHAM RD,220
FORDHAM PLAZA / BUS TERMINAL,SOUNDVIEW AV / CORNELL AV,2006
FORDHAM PLAZA / BUS TERMINAL,W 125 ST / 12 AV,3755
FORDHAM PLAZA / BUS TERMINAL,W 179 ST / BROADWAY,1827
FORDHAM PLAZA / BUS TERMINAL,PENNYFIELD AV / FT SCHUYLER ENT,3335
FORDHAM PLAZA / BUS TERMINAL,ST NICHOLAS AV / W 167 ST,2054
FORDHAM PLAZA / BUS TERMINAL,WALNUT AV / E 133 ST,2640
FORDHAM PLAZA / BUS TERMINAL,W FARMS RD / WESTCHESTER AV,1492
FORDHAM PLAZA / BUS TERMINAL,Parking Ramp / Access Rd,1548
FORDHAM PLAZA / BUS TERMINAL,BROADWAY / W 262 ST,2129
FORDHAM PLAZA / BUS TERMINAL,TREMONT AV / LANE AV,1611
FORDHAM PLAZA / BUS TERMINAL,E 136 ST / LINCOLN AV,2255
FORDHAM PLAZA / BUS TERMINAL,WEST FARMS RD / HOE AV,1475
FORDHAM PLAZA / BUS TERMINAL,RIVERBANK / STATE PARK,3110
FORDHAM PLAZA / BUS TERMINAL,ERSKINE PL / EARHART LA,1911
FORDHAM PLAZA / BUS TERMINAL,W 135 ST / ST NICHOLAS AV,2855
FORDHAM PLAZA / BUS TERMINAL,179 ST / BROADWAY,1766
FORDHAM PLAZA / BUS TERMINAL,SOUTHERN BL / WESTCHESTER AV,1544
FORDHAM PLAZA / BUS TERMINAL,BAINBRIDGE AV / E 206 ST,780
FORDHAM PLAZA / BUS TERMINAL,LANE AV / BENSON AV,1685
FORDHAM PLAZA / BUS TERMINAL,OLMSTEAD AV / SEWARD AV,2110
FORDHAM PLAZA / BUS TERMINAL,E 149 ST / BERGEN AV,1727
FORDHAM PLAZA / BUS TERMINAL,LIC,6047
VALENTINE AV / E FORDHAM RD,SOUTHERN BL / BOTANICAL GARDENS,600
VALENTINE AV / E FORDHAM RD,CO-OP CITY BL / Bartow Av,2193
VALENTINE AV / E FORDHAM RD,BROADWAY / W 179 ST,1571
VALENTINE AV / E FORDHAM RD,RIVERDALE AV / W 263 ST,2767
VALENTINE AV / E FORDHAM RD,KATONAH AV / E 242 ST,1260
VALENTINE AV / E FORDHAM RD,3 AV / E FORDHAM RD,150
VALENTINE AV / E FORDHAM RD,E 135 ST / ST ANN S AV,2880
VALENTINE AV / E FORDHAM RD,VALENTINE AV / FORDHAM RD,10
VALENTINE AV / E FORDHAM RD,SOUNDVIEW AV / CORNELL AV,2043
VALENTINE AV / E FORDHAM RD,W 125 ST / 12 AV,4083
VALENTINE AV / E FORDHAM RD,W 179 ST / BROADWAY,1644
VALENTINE AV / E FORDHAM RD,PENNYFIELD AV / FT SCHUYLER ENT,3360
VALENTINE AV / E FORDHAM RD,ST NICHOLAS AV / W 167 ST,1871
VALENTINE AV / E FORDHAM RD,WALNUT AV / E 133 ST,2880
VALENTINE AV / E FORDHAM RD,W FARMS RD / WESTCHESTER AV,1879
VALENTINE AV / E FORDHAM RD,Parking Ramp / Access Rd,1581
VALENTINE AV / E FORDHAM RD,BROADWAY / W 262 ST,1941
VALENTINE AV / E FORDHAM RD,TREMONT AV / LANE AV,1644
VALENTINE AV / E FORDHAM RD,E 136 ST / LINCOLN AV,2210
VALENTINE AV / E FORDHAM RD,WEST FARMS RD / HOE AV,1867
VALENTINE AV / E FORDHAM RD,RIVERBANK / STATE PARK,3350
VALENTINE AV / E FORDHAM RD,ERSKINE PL / EARHART LA,1944
VALENTINE AV / E FORDHAM RD,W 135 ST / ST NICHOLAS AV,2690
VALENTINE AV / E FORDHAM RD,179 ST / BROADWAY,1583
VALENTINE AV / E FORDHAM RD,SOUTHERN BL / WESTCHESTER AV,1800
VALENTINE AV / E FORDHAM RD,BAINBRIDGE AV / E 206 ST,567
VALENTINE AV / E FORDHAM RD,LANE AV / BENSON AV,1718
VALENTINE AV / E FORDHAM RD,OLMSTEAD AV / SEWARD AV,2147
VALENTINE AV / E FORDHAM RD,E 149 ST / BERGEN AV,1590
VALENTINE AV / E FORDHAM RD,LIC,5775
VAN CORTLANDT PK E / E 242 ST,SOUTHERN BL / BOTANICAL GARDENS,2880
VAN CORTLANDT PK E / E 242 ST,CO-OP CITY BL / Bartow Av,3366
VAN CORTLANDT PK E / E 242 ST,BROADWAY / W 179 ST,3300
VAN CORTLANDT PK E / E 242 ST,RIVERDALE AV / W 263 ST,4020
VAN CORTLANDT PK E / E 242 ST,KATONAH AV / E 242 ST,14
VAN CORTLANDT PK E / E 242 ST,3 AV / E FORDHAM RD,1828
VAN CORTLANDT PK E / E 242 ST,E 135 ST / ST ANN S AV,4140
VAN CORTLANDT PK E / E 242 ST,VALENTINE AV / FORDHAM RD,1500
VAN CORTLANDT PK E / E 242 ST,SOUNDVIEW AV / CORNELL AV,3723
VAN CORTLANDT PK E / E 242 ST,W 125 ST / 12 AV,5700
VAN CORTLANDT PK E / E 242 ST,W 179 ST / BROADWAY,3373
VAN CORTLANDT PK E / E 242 ST,PENNYFIELD AV / FT SCHUYLER ENT,4380
VAN CORTLANDT PK E / E 242 ST,ST NICHOLAS AV / W 167 ST,4500
VAN CORTLANDT PK E / E 242 ST,WALNUT AV / E 133 ST,4740
VAN CORTLANDT PK E / E 242 ST,W FARMS RD / WESTCHESTER AV,3660
VAN CORTLANDT PK E / E 242 ST,Parking Ramp / Access Rd,2880
VAN CORTLANDT PK E / E 242 ST,BROADWAY / W 262 ST,3660
VAN CORTLANDT PK E / E 242 ST,TREMONT AV / LANE AV,2340
VAN CORTLANDT PK E / E 242 ST,E 136 ST / LINCOLN AV,4080
VAN CORTLANDT PK E / E 242 ST,WEST FARMS RD / HOE AV,3677
VAN CORTLANDT PK E / E 242 ST,RIVERBANK / STATE PARK,5100
VAN CORTLANDT PK E / E 242 ST,ERSKINE PL / EARHART LA,3660
VAN CORTLANDT PK E / E 242 ST,W 135 ST / ST NICHOLAS AV,4740
VAN CORTLANDT PK E / E 242 ST,179 ST / BROADWAY,3312
VAN CORTLANDT PK E / E 242 ST,SOUTHERN BL / WESTCHESTER AV,3742
VAN CORTLANDT PK E / E 242 ST,BAINBRIDGE AV / E 206 ST,1022
VAN CORTLANDT PK E / E 242 ST,LANE AV / BENSON AV,2414
VAN CORTLANDT PK E / E 242 ST,OLMSTEAD AV / SEWARD AV,4044
VAN CORTLANDT PK E / E 242 ST,E 149 ST / BERGEN AV,3267
VAN CORTLANDT PK E / E 242 ST,LIC,7932
E 241 ST / CRANFORD AVE,SOUTHERN BL / BOTANICAL GARDENS,2533
E 241 ST / CRANFORD AVE,CO-OP CITY BL / Bartow Av,2922
E 241 ST / CRANFORD AVE,BROADWAY / W 179 ST,3673
E 241 ST / CRANFORD AVE,RIVERDALE AV / W 263 ST,4753
E 241 ST / CRANFORD AVE,KATONAH AV / E 242 ST,853
E 241 ST / CRANFORD AVE,3 AV / E FORDHAM RD,1799
E 241 ST / CRANFORD AVE,E 135 ST / ST ANN S AV,4993
E 241 ST / CRANFORD AVE,VALENTINE AV / FORDHAM RD,1965
E 241 ST / CRANFORD AVE,SOUNDVIEW AV / CORNELL AV,3256
E 241 ST / CRANFORD AVE,W 125 ST / 12 AV,5353
E 241 ST / CRANFORD AVE,W 179 ST / BROADWAY,3793
E 241 ST / CRANFORD AVE,PENNYFIELD AV / FT SCHUYLER ENT,4633
E 241 ST / CRANFORD AVE,ST NICHOLAS AV / W 167 ST,4153
E 241 ST / CRANFORD AVE,WALNUT AV / E 133 ST,4393
E 241 ST / CRANFORD AVE,W FARMS RD / WESTCHESTER AV,3741
E 241 ST / CRANFORD AVE,Parking Ramp / Access Rd,3190
E 241 ST / CRANFORD AVE,BROADWAY / W 262 ST,4033
E 241 ST / CRANFORD AVE,TREMONT AV / LANE AV,2593
E 241 ST / CRANFORD AVE,E 136 ST / LINCOLN AV,4153
E 241 ST / CRANFORD AVE,WEST FARMS RD / HOE AV,3750
E 241 ST / CRANFORD AVE,RIVERBANK / STATE PARK,4753
E 241 ST / CRANFORD AVE,ERSKINE PL / EARHART LA,2773
E 241 ST / CRANFORD AVE,W 135 ST / ST NICHOLAS AV,4393
E 241 ST / CRANFORD AVE,179 ST / BROADWAY,3685
E 241 ST / CRANFORD AVE,SOUTHERN BL / WESTCHESTER AV,3801
E 241 ST / CRANFORD AVE,BAINBRIDGE AV / E 206 ST,1813
E 241 ST / CRANFORD AVE,LANE AV / BENSON AV,2667
E 241 ST / CRANFORD AVE,OLMSTEAD AV / SEWARD AV,3373
E 241 ST / CRANFORD AVE,E 149 ST / BERGEN AV,3130
3 AV / E FORDHAM RD,SOUTHERN BL / BOTANICAL GARDENS,498
3 AV / E FORDHAM RD,CO-OP CITY BL / Bartow Av,2127
3 AV / E FORDHAM RD,BROADWAY / W 179 ST,1726
3 AV / E FORDHAM RD,RIVERDALE AV / W 263 ST,2698
3 AV / E FORDHAM RD,KATONAH AV / E 242 ST,1423
3 AV / E FORDHAM RD,E 135 ST / ST ANN S AV,2675
3 AV / E FORDHAM RD,VALENTINE AV / FORDHAM RD,192
3 AV / E FORDHAM RD,SOUNDVIEW AV / CORNELL AV,1980
3 AV / E FORDHAM RD,W 125 ST / 12 AV,3720
3 AV / E FORDHAM RD,W 179 ST / BROADWAY,1799
3 AV / E FORDHAM RD,PENNYFIELD AV / FT SCHUYLER ENT,3300
3 AV / E FORDHAM RD,ST NICHOLAS AV / W 167 ST,2026
3 AV / E FORDHAM RD,WALNUT AV / E 133 ST,2675
3 AV / E FORDHAM RD,W FARMS RD / WESTCHESTER AV,1457
3 AV / E FORDHAM RD,Parking Ramp / Access Rd,1515
3 AV / E FORDHAM RD,BROADWAY / W 262 ST,2098
3 AV / E FORDHAM RD,TREMONT AV / LANE AV,1578
3 AV / E FORDHAM RD,E 136 ST / LINCOLN AV,2220
3 AV / E FORDHAM RD,WEST FARMS RD / HOE AV,1440
3 AV / E FORDHAM RD,RIVERBANK / STATE PARK,3095
3 AV / E FORDHAM RD,ERSKINE PL / EARHART LA,1878
3 AV / E FORDHAM RD,W 135 ST / ST NICHOLAS AV,2820
3 AV / E FORDHAM RD,179 ST / BROADWAY,1738
3 AV / E FORDHAM RD,SOUTHERN BL / WESTCHESTER AV,1509
3 AV / E FORDHAM RD,BAINBRIDGE AV / E 206 ST,720
3 AV / E FORDHAM RD,LANE AV / BENSON AV,1652
3 AV / E FORDHAM RD,OLMSTEAD AV / SEWARD AV,2084
3 AV / E FORDHAM RD,E 149 ST / BERGEN AV,1692
3 AV / E FORDHAM RD,LIC,6012
RIVER AV / E 150 ST,SOUTHERN BL / BOTANICAL GARDENS,2882
RIVER AV / E 150 ST,CO-OP CITY BL / Bartow Av,4082
RIVER AV / E 150 ST,BROADWAY / W 179 ST,1577
RIVER AV / E 150 ST,RIVERDALE AV / W 263 ST,4320
RIVER AV / E 150 ST,KATONAH AV / E 242 ST,4415
RIVER AV / E 150 ST,3 AV / E FORDHAM RD,2465
RIVER AV / E 150 ST,E 135 ST / ST ANN S AV,1716
RIVER AV / E 150 ST,VALENTINE AV / FORDHAM RD,2139
RIVER AV / E 150 ST,SOUNDVIEW AV / CORNELL AV,3545
RIVER AV / E 150 ST,W 125 ST / 12 AV,1638
RIVER AV / E 150 ST,W 179 ST / BROADWAY,1645
RIVER AV / E 150 ST,PENNYFIELD AV / FT SCHUYLER ENT,4202
RIVER AV / E 150 ST,ST NICHOLAS AV / W 167 ST,1528
RIVER AV / E 150 ST,WALNUT AV / E 133 ST,1056
RIVER AV / E 150 ST,W FARMS RD / WESTCHESTER AV,1737
RIVER AV / E 150 ST,Parking Ramp / Access Rd,3962
RIVER AV / E 150 ST,BROADWAY / W 262 ST,3935
RIVER AV / E 150 ST,TREMONT AV / LANE AV,3315
RIVER AV / E 150 ST,E 136 ST / LINCOLN AV,456
RIVER AV / E 150 ST,WEST FARMS RD / HOE AV,1724
RIVER AV / E 150 ST,RIVERBANK / STATE PARK,1131
RIVER AV / E 150 ST,ERSKINE PL / EARHART LA,4082
RIVER AV / E 150 ST,W 135 ST / ST NICHOLAS AV,1116
RIVER AV / E 150 ST,179 ST / BROADWAY,1570
RIVER AV / E 150 ST,SOUTHERN BL / WESTCHESTER AV,1655
RIVER AV / E 150 ST,BAINBRIDGE AV / E 206 ST,2641
RIVER AV / E 150 ST,LANE AV / BENSON AV,3246
RIVER AV / E 150 ST,OLMSTEAD AV / SEWARD AV,2942
RIVER AV / E 150 ST,E 149 ST / BERGEN AV,718
RIVER AV / E 150 ST,LIC,4128
SEDGWICK AV / CEDAR AV,SOUTHERN BL / BOTANICAL GARDENS,2580
SEDGWICK AV / CEDAR AV,CO-OP CITY BL / Bartow Av,3253
SEDGWICK AV / CEDAR AV,BROADWAY / W 179 ST,911
SEDGWICK AV / CEDAR AV,RIVERDALE AV / W 263 ST,3491
SEDGWICK AV / CEDAR AV,KATONAH AV / E 242 ST,3060
SEDGWICK AV / CEDAR AV,3 AV / E FORDHAM RD,1395
SEDGWICK AV / CEDAR AV,E 135 ST / ST ANN S AV,3840
SEDGWICK AV / CEDAR AV,VALENTINE AV / FORDHAM RD,1306
SEDGWICK AV / CEDAR AV,SOUNDVIEW AV / CORNELL AV,3303
SEDGWICK AV / CEDAR AV,W 125 ST / 12 AV,2884
SEDGWICK AV / CEDAR AV,W 179 ST / BROADWAY,984
SEDGWICK AV / CEDAR AV,PENNYFIELD AV / FT SCHUYLER ENT,3960
SEDGWICK AV / CEDAR AV,ST NICHOLAS AV / W 167 ST,1498
SEDGWICK AV / CEDAR AV,WALNUT AV / E 133 ST,3640
SEDGWICK AV / CEDAR AV,W FARMS RD / WESTCHESTER AV,2496
SEDGWICK AV / CEDAR AV,Parking Ramp / Access Rd,2881
SEDGWICK AV / CEDAR AV,BROADWAY / W 262 ST,2284
SEDGWICK AV / CEDAR AV,TREMONT AV / LANE AV,2875
SEDGWICK AV / CEDAR AV,E 136 ST / LINCOLN AV,2760
SEDGWICK AV / CEDAR AV,WEST FARMS RD / HOE AV,2651
SEDGWICK AV / CEDAR AV,RIVERBANK / STATE PARK,2771
SEDGWICK AV / CEDAR AV,ERSKINE PL / EARHART LA,3244
SEDGWICK AV / CEDAR AV,W 135 ST / ST NICHOLAS AV,2535
SEDGWICK AV / CEDAR AV,179 ST / BROADWAY,923
SEDGWICK AV / CEDAR AV,SOUTHERN BL / WESTCHESTER AV,2720
SEDGWICK AV / CEDAR AV,BAINBRIDGE AV / E 206 ST,2347
SEDGWICK AV / CEDAR AV,LANE AV / BENSON AV,2894
SEDGWICK AV / CEDAR AV,OLMSTEAD AV / SEWARD AV,3160
SEDGWICK AV / CEDAR AV,E 149 ST / BERGEN AV,2037
SEDGWICK AV / CEDAR AV,LIC,6023
RIVERDALE AV / W 263 ST,SOUTHERN BL / BOTANICAL GARDENS,3660
RIVERDALE AV / W 263 ST,CO-OP CITY BL / Bartow Av,4627
RIVERDALE AV / W 263 ST,BROADWAY / W 179 ST,2471
RIVERDALE AV / W 263 ST,KATONAH AV / E 242 ST,3360
RIVERDALE AV / W 263 ST,3 AV / E FORDHAM RD,2713
RIVERDALE AV / W 263 ST,E 135 ST / ST ANN S AV,5340
RIVERDALE AV / W 263 ST,VALENTINE AV / FORDHAM RD,2614
RIVERDALE AV / W 263 ST,SOUNDVIEW AV / CORNELL AV,5103
RIVERDALE AV / W 263 ST,W 125 ST / 12 AV,3893
RIVERDALE AV / W 263 ST,W 179 ST / BROADWAY,2465
RIVERDALE AV / W 263 ST,PENNYFIELD AV / FT SCHUYLER ENT,6420
RIVERDALE AV / W 263 ST,ST NICHOLAS AV / W 167 ST,2700
RIVERDALE AV / W 263 ST,WALNUT AV / E 133 ST,6540
RIVERDALE AV / W 263 ST,W FARMS RD / WESTCHESTER AV,4380
RIVERDALE AV / W 263 ST,Parking Ramp / Access Rd,4317
RIVERDALE AV / W 263 ST,BROADWAY / W 262 ST,2220
RIVERDALE AV / W 263 ST,TREMONT AV / LANE AV,4200
RIVERDALE AV / W 263 ST,E 136 ST / LINCOLN AV,4200
RIVERDALE AV / W 263 ST,WEST FARMS RD / HOE AV,4397
RIVERDALE AV / W 263 ST,RIVERBANK / STATE PARK,3600
RIVERDALE AV / W 263 ST,ERSKINE PL / EARHART LA,5100
RIVERDALE AV / W 263 ST,W 135 ST / ST NICHOLAS AV,4444
RIVERDALE AV / W 263 ST,179 ST / BROADWAY,2467
RIVERDALE AV / W 263 ST,SOUTHERN BL / WESTCHESTER AV,4462
RIVERDALE AV / W 263 ST,BAINBRIDGE AV / E 206 ST,2822
RIVERDALE AV / W 263 ST,LANE AV / BENSON AV,4274
RIVERDALE AV / W 263 ST,OLMSTEAD AV / SEWARD AV,5004
RIVERDALE AV / W 263 ST,E 149 ST / BERGEN AV,4347
RIVERDALE AV / W 263 ST,LIC,7932
W 135 ST / ST NICHOLAS AV,SOUTHERN BL / BOTANICAL GARDENS,3660
W 135 ST / ST NICHOLAS AV,CO-OP CITY BL / Bartow Av,4846
W 135 ST / ST NICHOLAS AV,BROADWAY / W 179 ST,1712
W 135 ST / ST NICHOLAS AV,RIVERDALE AV / W 263 ST,4247
W 135 ST / ST NICHOLAS AV,KATONAH AV / E 242 ST,5160
W 135 ST / ST NICHOLAS AV,3 AV / E FORDHAM RD,3180
W 135 ST / ST NICHOLAS AV,E 135 ST / ST ANN S AV,1740
W 135 ST / ST NICHOLAS AV,VALENTINE AV / FORDHAM RD,2689
W 135 ST / ST NICHOLAS AV,SOUNDVIEW AV / CORNELL AV,4323
W 135 ST / ST NICHOLAS AV,W 125 ST / 12 AV,850
W 135 ST / ST NICHOLAS AV,W 179 ST / BROADWAY,1729
W 135 ST / ST NICHOLAS AV,PENNYFIELD AV / FT SCHUYLER ENT,6420
W 135 ST / ST NICHOLAS AV,ST NICHOLAS AV / W 167 ST,939
W 135 ST / ST NICHOLAS AV,WALNUT AV / E 133 ST,1080
W 135 ST / ST NICHOLAS AV,W FARMS RD / WESTCHESTER AV,2515
W 135 ST / ST NICHOLAS AV,Parking Ramp / Access Rd,4917
W 135 ST / ST NICHOLAS AV,BROADWAY / W 262 ST,4247
W 135 ST / ST NICHOLAS AV,TREMONT AV / LANE AV,4490
W 135 ST / ST NICHOLAS AV,E 136 ST / LINCOLN AV,900
W 135 ST / ST NICHOLAS AV,WEST FARMS RD / HOE AV,2502
W 135 ST / ST NICHOLAS AV,RIVERBANK / STATE PARK,682
W 135 ST / ST NICHOLAS AV,ERSKINE PL / EARHART LA,5175
W 135 ST / ST NICHOLAS AV,179 ST / BROADWAY,1707
W 135 ST / ST NICHOLAS AV,SOUTHERN BL / WESTCHESTER AV,2433
W 135 ST / ST NICHOLAS AV,BAINBRIDGE AV / E 206 ST,4139
W 135 ST / ST NICHOLAS AV,LANE AV / BENSON AV,4421
W 135 ST / ST NICHOLAS AV,OLMSTEAD AV / SEWARD AV,4500
W 135 ST / ST NICHOLAS AV,E 149 ST / BERGEN AV,1643
W 135 ST / ST NICHOLAS AV,LIC,3682
E 206 ST / BAINBRIDGE AV,SOUTHERN BL / BOTANICAL GARDENS,2036
E 206 ST / BAINBRIDGE AV,CO-OP CITY BL / Bartow Av,2608
E 206 ST / BAINBRIDGE AV,BROADWAY / W 179 ST,2456
E 206 ST / BAINBRIDGE AV,RIVERDALE AV / W 263 ST,2580
E 206 ST / BAINBRIDGE AV,KATONAH AV / E 242 ST,779
E 206 ST / BAINBRIDGE AV,3 AV / E FORDHAM RD,919
E 206 ST / BAINBRIDGE AV,E 135 ST / ST ANN S AV,3340
E 206 ST / BAINBRIDGE AV,VALENTINE AV / FORDHAM RD,656
E 206 ST / BAINBRIDGE AV,SOUNDVIEW AV / CORNELL AV,3727
E 206 ST / BAINBRIDGE AV,W 125 ST / 12 AV,4483
E 206 ST / BAINBRIDGE AV,W 179 ST / BROADWAY,3125
E 206 ST / BAINBRIDGE AV,PENNYFIELD AV / FT SCHUYLER ENT,4136
E 206 ST / BAINBRIDGE AV,ST NICHOLAS AV / W 167 ST,3360
E 206 ST / BAINBRIDGE AV,WALNUT AV / E 133 ST,3940
E 206 ST / BAINBRIDGE AV,W FARMS RD / WESTCHESTER AV,2860
E 206 ST / BAINBRIDGE AV,Parking Ramp / Access Rd,2219
E 206 ST / BAINBRIDGE AV,BROADWAY / W 262 ST,1980
E 206 ST / BAINBRIDGE AV,TREMONT AV / LANE AV,2279
E 206 ST / BAINBRIDGE AV,E 136 ST / LINCOLN AV,3120
E 206 ST / BAINBRIDGE AV,WEST FARMS RD / HOE AV,2877
E 206 ST / BAINBRIDGE AV,RIVERBANK / STATE PARK,4140
E 206 ST / BAINBRIDGE AV,ERSKINE PL / EARHART LA,3064
E 206 ST / BAINBRIDGE AV,W 135 ST / ST NICHOLAS AV,4204
E 206 ST / BAINBRIDGE AV,179 ST / BROADWAY,2468
E 206 ST / BAINBRIDGE AV,SOUTHERN BL / WESTCHESTER AV,2942
E 206 ST / BAINBRIDGE AV,BAINBRIDGE AV / E 206 ST,356
E 206 ST / BAINBRIDGE AV,LANE AV / BENSON AV,2353
E 206 ST / BAINBRIDGE AV,OLMSTEAD AV / SEWARD AV,2882
E 206 ST / BAINBRIDGE AV,E 149 ST / BERGEN AV,2467
E 206 ST / BAINBRIDGE AV,LIC,7132
W 179 ST / BROADWAY,SOUTHERN BL / BOTANICAL GARDENS,2791
W 179 ST / BROADWAY,CO-OP CITY BL / Bartow Av,3533
W 179 ST / BROADWAY,BROADWAY / W 179 ST,12
W 179 ST / BROADWAY,RIVERDALE AV / W 263 ST,2339
W 179 ST / BROADWAY,KATONAH AV / E 242 ST,2984
W 179 ST / BROADWAY,3 AV / E FORDHAM RD,1675
W 179 ST / BROADWAY,E 135 ST / ST ANN S AV,2656
W 179 ST / BROADWAY,VALENTINE AV / FORDHAM RD,1586
W 179 ST / BROADWAY,SOUNDVIEW AV / CORNELL AV,3333
W 179 ST / BROADWAY,W 125 ST / 12 AV,1562
W 179 ST / BROADWAY,PENNYFIELD AV / FT SCHUYLER ENT,4604
W 179 ST / BROADWAY,ST NICHOLAS AV / W 167 ST,371
W 179 ST / BROADWAY,WALNUT AV / E 133 ST,2656
W 179 ST / BROADWAY,W FARMS RD / WESTCHESTER AV,1936
W 179 ST / BROADWAY,Parking Ramp / Access Rd,3161
W 179 ST / BROADWAY,BROADWAY / W 262 ST,2399
W 179 ST / BROADWAY,TREMONT AV / LANE AV,3519
W 179 ST / BROADWAY,E 136 ST / LINCOLN AV,1996
W 179 ST / BROADWAY,WEST FARMS RD / HOE AV,1953
W 179 ST / BROADWAY,RIVERBANK / STATE PARK,1389
W 179 ST / BROADWAY,ERSKINE PL / EARHART LA,3524
W 179 ST / BROADWAY,W 135 ST / ST NICHOLAS AV,1802
W 179 ST / BROADWAY,SOUTHERN BL / WESTCHESTER AV,2018
W 179 ST / BROADWAY,BAINBRIDGE AV / E 206 ST,2291
W 179 ST / BROADWAY,LANE AV / BENSON AV,3538
W 179 ST / BROADWAY,OLMSTEAD AV / SEWARD AV,3631
W 179 ST / BROADWAY,E 149 ST / BERGEN AV,1851
W 179 ST / BROADWAY,LIC,4881
SOUTHERN BL / WESTCHESTER AV,SOUTHERN BL / BOTANICAL GARDENS,1288
SOUTHERN BL / WESTCHESTER AV,CO-OP CITY BL / Bartow Av,2419
SOUTHERN BL / WESTCHESTER AV,BROADWAY / W 179 ST,2154
SOUTHERN BL / WESTCHESTER AV,RIVERDALE AV / W 263 ST,4288
SOUTHERN BL / WESTCHESTER AV,KATONAH AV / E 242 ST,3268
SOUTHERN BL / WESTCHESTER AV,3 AV / E FORDHAM RD,1544
SOUTHERN BL / WESTCHESTER AV,E 135 ST / ST ANN S AV,1308
SOUTHERN BL / WESTCHESTER AV,VALENTINE AV / FORDHAM RD,1974
SOUTHERN BL / WESTCHESTER AV,SOUNDVIEW AV / CORNELL AV,1454
SOUTHERN BL / WESTCHESTER AV,W 125 ST / 12 AV,2703
SOUTHERN BL / WESTCHESTER AV,W 179 ST / BROADWAY,2222
SOUTHERN BL / WESTCHESTER AV,PENNYFIELD AV / FT SCHUYLER ENT,2779
SOUTHERN BL / WESTCHESTER AV,ST NICHOLAS AV / W 167 ST,2027
SOUTHERN BL / WESTCHESTER AV,WALNUT AV / E 133 ST,2508
SOUTHERN BL / WESTCHESTER AV,W FARMS RD / WESTCHESTER AV,190
SOUTHERN BL / WESTCHESTER AV,Parking Ramp / Access Rd,2239
SOUTHERN BL / WESTCHESTER AV,BROADWAY / W 262 ST,3568
SOUTHERN BL / WESTCHESTER AV,TREMONT AV / LANE AV,1799
SOUTHERN BL / WESTCHESTER AV,E 136 ST / LINCOLN AV,1479
SOUTHERN BL / WESTCHESTER AV,WEST FARMS RD / HOE AV,179
SOUTHERN BL / WESTCHESTER AV,RIVERBANK / STATE PARK,2448
SOUTHERN BL / WESTCHESTER AV,ERSKINE PL / EARHART LA,3019
SOUTHERN BL / WESTCHESTER AV,W 135 ST / ST NICHOLAS AV,2354
SOUTHERN BL / WESTCHESTER AV,179 ST / BROADWAY,2147
SOUTHERN BL / WESTCHESTER AV,BAINBRIDGE AV / E 206 ST,2575
SOUTHERN BL / WESTCHESTER AV,LANE AV / BENSON AV,1730
SOUTHERN BL / WESTCHESTER AV,OLMSTEAD AV / SEWARD AV,1219
SOUTHERN BL / WESTCHESTER AV,E 149 ST / BERGEN AV,717
SOUTHERN BL / WESTCHESTER AV,LIC,5169
E TREMONT AV / E 177 ST,SOUTHERN BL / BOTANICAL GARDENS,1080
E TREMONT AV / E 177 ST,CO-OP CITY BL / Bartow Av,2239
E TREMONT AV / E 177 ST,BROADWAY / W 179 ST,2280
E TREMONT AV / E 177 ST,RIVERDALE AV / W 263 ST,3840
E TREMONT AV / E 177 ST,KATONAH AV / E 242 ST,2820
E TREMONT AV / E 177 ST,3 AV / E FORDHAM RD,1096
E TREMONT AV / E 177 ST,E 135 ST / ST ANN S AV,2584
E TREMONT AV / E 177 ST,VALENTINE AV / FORDHAM RD,1490
E TREMONT AV / E 177 ST,SOUNDVIEW AV / CORNELL AV,1196
E TREMONT AV / E 177 ST,W 125 ST / 12 AV,3484
E TREMONT AV / E 177 ST,W 179 ST / BROADWAY,2310
E TREMONT AV / E 177 ST,PENNYFIELD AV / FT SCHUYLER ENT,2128
E TREMONT AV / E 177 ST,ST NICHOLAS AV / W 167 ST,2441
E TREMONT AV / E 177 ST,WALNUT AV / E 133 ST,2584
E TREMONT AV / E 177 ST,W FARMS RD / WESTCHESTER AV,1162
E TREMONT AV / E 177 ST,Parking Ramp / Access Rd,1733
E TREMONT AV / E 177 ST,BROADWAY / W 262 ST,3120
E TREMONT AV / E 177 ST,TREMONT AV / LANE AV,1103
E TREMONT AV / E 177 ST,E 136 ST / LINCOLN AV,1744
E TREMONT AV / E 177 ST,WEST FARMS RD / HOE AV,1150
E TREMONT AV / E 177 ST,RIVERBANK / STATE PARK,3244
E TREMONT AV / E 177 ST,ERSKINE PL / EARHART LA,2333
E TREMONT AV / E 177 ST,W 135 ST / ST NICHOLAS AV,2584
E TREMONT AV / E 177 ST,179 ST / BROADWAY,2292
E TREMONT AV / E 177 ST,SOUTHERN BL / WESTCHESTER AV,1083
E TREMONT AV / E 177 ST,BAINBRIDGE AV / E 206 ST,2347
E TREMONT AV / E 177 ST,LANE AV / BENSON AV,893
E TREMONT AV / E 177 ST,OLMSTEAD AV / SEWARD AV,1120
E TREMONT AV / E 177 ST,E 149 ST / BERGEN AV,1516
E TREMONT AV / E 177 ST,LIC,5776
CASTLE HILL AV / NORTON AV,SOUTHERN BL / BOTANICAL GARDENS,2520
CASTLE HILL AV / NORTON AV,CO-OP CITY BL / Bartow Av,2066
CASTLE HILL AV / NORTON AV,BROADWAY / W 179 ST,3853
CASTLE HILL AV / NORTON AV,RIVERDALE AV / W 263 ST,5460
CASTLE HILL AV / NORTON AV,KATONAH AV / E 242 ST,4500
CASTLE HILL AV / NORTON AV,3 AV / E FORDHAM RD,2356
CASTLE HILL AV / NORTON AV,E 135 ST / ST ANN S AV,3060
CASTLE HILL AV / NORTON AV,VALENTINE AV / FORDHAM RD,2520
CASTLE HILL AV / NORTON AV,SOUNDVIEW AV / CORNELL AV,1743
CASTLE HILL AV / NORTON AV,W 125 ST / 12 AV,4740
CASTLE HILL AV / NORTON AV,W 179 ST / BROADWAY,3780
CASTLE HILL AV / NORTON AV,PENNYFIELD AV / FT SCHUYLER ENT,2340
CASTLE HILL AV / NORTON AV,ST NICHOLAS AV / W 167 ST,4099
CASTLE HILL AV / NORTON AV,WALNUT AV / E 133 ST,4380
CASTLE HILL AV / NORTON AV,W FARMS RD / WESTCHESTER AV,2422
CASTLE HILL AV / NORTON AV,Parking Ramp / Access Rd,1560
CASTLE HILL AV / NORTON AV,BROADWAY / W 262 ST,4920
CASTLE HILL AV / NORTON AV,TREMONT AV / LANE AV,1933
CASTLE HILL AV / NORTON AV,E 136 ST / LINCOLN AV,2940
CASTLE HILL AV / NORTON AV,WEST FARMS RD / HOE AV,2409
CASTLE HILL AV / NORTON AV,RIVERBANK / STATE PARK,4740
CASTLE HILL AV / NORTON AV,ERSKINE PL / EARHART LA,2160
CASTLE HILL AV / NORTON AV,W 135 ST / ST NICHOLAS AV,4380
CASTLE HILL AV / NORTON AV,179 ST / BROADWAY,3857
CASTLE HILL AV / NORTON AV,SOUTHERN BL / WESTCHESTER AV,2340
CASTLE HILL AV / NORTON AV,BAINBRIDGE AV / E 206 ST,3059
CASTLE HILL AV / NORTON AV,LANE AV / BENSON AV,1864
CASTLE HILL AV / NORTON AV,OLMSTEAD AV / SEWARD AV,379
CASTLE HILL AV / NORTON AV,E 149 ST / BERGEN AV,2712
RIVERDALE AV / W 231 ST,SOUTHERN BL / BOTANICAL GARDENS,2424
RIVERDALE AV / W 231 ST,CO-OP CITY BL / Bartow Av,3117
RIVERDALE AV / W 231 ST,BROADWAY / W 179 ST,1681
RIVERDALE AV / W 231 ST,RIVERDALE AV / W 263 ST,735
RIVERDALE AV / W 231 ST,KATONAH AV / E 242 ST,2328
RIVERDALE AV / W 231 ST,3 AV / E FORDHAM RD,1554
RIVERDALE AV / W 231 ST,E 135 ST / ST ANN S AV,4164
RIVERDALE AV / W 231 ST,VALENTINE AV / FORDHAM RD,1459
RIVERDALE AV / W 231 ST,SOUNDVIEW AV / CORNELL AV,3867
RIVERDALE AV / W 231 ST,W 125 ST / 12 AV,3103
RIVERDALE AV / W 231 ST,W 179 ST / BROADWAY,1675
RIVERDALE AV / W 231 ST,PENNYFIELD AV / FT SCHUYLER ENT,4524
RIVERDALE AV / W 231 ST,ST NICHOLAS AV / W 167 ST,1910
RIVERDALE AV / W 231 ST,WALNUT AV / E 133 ST,5071
RIVERDALE AV / W 231 ST,W FARMS RD / WESTCHESTER AV,3703
RIVERDALE AV / W 231 ST,Parking Ramp / Access Rd,3081
RIVERDALE AV / W 231 ST,BROADWAY / W 262 ST,1169
RIVERDALE AV / W 231 ST,TREMONT AV / LANE AV,3090
RIVERDALE AV / W 231 ST,E 136 ST / LINCOLN AV,3631
RIVERDALE AV / W 231 ST,WEST FARMS RD / HOE AV,3691
RIVERDALE AV / W 231 ST,RIVERBANK / STATE PARK,2810
RIVERDALE AV / W 231 ST,ERSKINE PL / EARHART LA,3331
RIVERDALE AV / W 231 ST,W 135 ST / ST NICHOLAS AV,3654
RIVERDALE AV / W 231 ST,179 ST / BROADWAY,1677
RIVERDALE AV / W 231 ST,SOUTHERN BL / WESTCHESTER AV,3624
RIVERDALE AV / W 231 ST,BAINBRIDGE AV / E 206 ST,2098
RIVERDALE AV / W 231 ST,LANE AV / BENSON AV,3160
RIVERDALE AV / W 231 ST,OLMSTEAD AV / SEWARD AV,3588
RIVERDALE AV / W 231 ST,E 149 ST / BERGEN AV,3021
RIVERDALE AV / W 231 ST,LIC,7142
SOUTHERN BL / BOTANICAL GARDENS,CO-OP CITY BL / Bartow Av,2469
SOUTHERN BL / BOTANICAL GARDENS,BROADWAY / W 179 ST,2342
SOUTHERN BL / BOTANICAL GARDENS,RIVERDALE AV / W 263 ST,2642
SOUTHERN BL / BOTANICAL GARDENS,KATONAH AV / E 242 ST,2245
SOUTHERN BL / BOTANICAL GARDENS,3 AV / E FORDHAM RD,454
SOUTHERN BL / BOTANICAL GARDENS,E 135 ST / ST ANN S AV,2757
SOUTHERN BL / BOTANICAL GARDENS,VALENTINE AV / FORDHAM RD,618
SOUTHERN BL / BOTANICAL GARDENS,SOUNDVIEW AV / CORNELL AV,2707
SOUTHERN BL / BOTANICAL GARDENS,W 125 ST / 12 AV,3655
SOUTHERN BL / BOTANICAL GARDENS,W 179 ST / BROADWAY,2227
SOUTHERN BL / BOTANICAL GARDENS,PENNYFIELD AV / FT SCHUYLER ENT,3840
SOUTHERN BL / BOTANICAL GARDENS,ST NICHOLAS AV / W 167 ST,2462
SOUTHERN BL / BOTANICAL GARDENS,WALNUT AV / E 133 ST,2757
SOUTHERN BL / BOTANICAL GARDENS,W FARMS RD / WESTCHESTER AV,1519
SOUTHERN BL / BOTANICAL GARDENS,Parking Ramp / Access Rd,1917
SOUTHERN BL / BOTANICAL GARDENS,BROADWAY / W 262 ST,2545
SOUTHERN BL / BOTANICAL GARDENS,TREMONT AV / LANE AV,1944
SOUTHERN BL / BOTANICAL GARDENS,E 136 ST / LINCOLN AV,2838
SOUTHERN BL / BOTANICAL GARDENS,WEST FARMS RD / HOE AV,1507
SOUTHERN BL / BOTANICAL GARDENS,RIVERBANK / STATE PARK,3960
SOUTHERN BL / BOTANICAL GARDENS,ERSKINE PL / EARHART LA,2220
SOUTHERN BL / BOTANICAL GARDENS,W 135 ST / ST NICHOLAS AV,4024
SOUTHERN BL / BOTANICAL GARDENS,179 ST / BROADWAY,2229
SOUTHERN BL / BOTANICAL GARDENS,SOUTHERN BL / WESTCHESTER AV,1440
SOUTHERN BL / BOTANICAL GARDENS,BAINBRIDGE AV / E 206 ST,1645
SOUTHERN BL / BOTANICAL GARDENS,LANE AV / BENSON AV,1971
SOUTHERN BL / BOTANICAL GARDENS,OLMSTEAD AV / SEWARD AV,2520
SOUTHERN BL / BOTANICAL GARDENS,E 149 ST / BERGEN AV,2277
SOUTHERN BL / BOTANICAL GARDENS,LIC,6030
VALENTINE AV / E 192 ST,SOUTHERN BL / BOTANICAL GARDENS,1066
VALENTINE AV / E 192 ST,CO-OP CITY BL / Bartow Av,2278
VALENTINE AV / E 192 ST,BROADWAY / W 179 ST,1720
VALENTINE AV / E 192 ST,RIVERDALE AV / W 263 ST,2408
VALENTINE AV / E 192 ST,KATONAH AV / E 242 ST,1412
VALENTINE AV / E 192 ST,3 AV / E FORDHAM RD,367
VALENTINE AV / E 192 ST,E 135 ST / ST ANN S AV,2620
VALENTINE AV / E 192 ST,VALENTINE AV / FORDHAM RD,145
VALENTINE AV / E 192 ST,SOUNDVIEW AV / CORNELL AV,2795
VALENTINE AV / E 192 ST,W 125 ST / 12 AV,4091
VALENTINE AV / E 192 ST,W 179 ST / BROADWAY,1793
VALENTINE AV / E 192 ST,PENNYFIELD AV / FT SCHUYLER ENT,3272
VALENTINE AV / E 192 ST,ST NICHOLAS AV / W 167 ST,2020
VALENTINE AV / E 192 ST,WALNUT AV / E 133 ST,2620
VALENTINE AV / E 192 ST,W FARMS RD / WESTCHESTER AV,1900
VALENTINE AV / E 192 ST,Parking Ramp / Access Rd,1774
VALENTINE AV / E 192 ST,BROADWAY / W 262 ST,1808
VALENTINE AV / E 192 ST,TREMONT AV / LANE AV,1983
VALENTINE AV / E 192 ST,E 136 ST / LINCOLN AV,2288
VALENTINE AV / E 192 ST,WEST FARMS RD / HOE AV,1917
VALENTINE AV / E 192 ST,RIVERBANK / STATE PARK,3428
VALENTINE AV / E 192 ST,ERSKINE PL / EARHART LA,2077
VALENTINE AV / E 192 ST,W 135 ST / ST NICHOLAS AV,2768
VALENTINE AV / E 192 ST,179 ST / BROADWAY,1732
VALENTINE AV / E 192 ST,SOUTHERN BL / WESTCHESTER AV,1982
VALENTINE AV / E 192 ST,BAINBRIDGE AV / E 206 ST,719
VALENTINE AV / E 192 ST,LANE AV / BENSON AV,2018
VALENTINE AV / E 192 ST,OLMSTEAD AV / SEWARD AV,2626
VALENTINE AV / E 192 ST,E 149 ST / BERGEN AV,1597
VALENTINE AV / E 192 ST,LIC,5783
WALNUT AV / E 133 ST,SOUTHERN BL / BOTANICAL GARDENS,3660
WALNUT AV / E 133 ST,CO-OP CITY BL / Bartow Av,4860
WALNUT AV / E 133 ST,BROADWAY / W 179 ST,2527
WALNUT AV / E 133 ST,RIVERDALE AV / W 263 ST,5100
WALNUT AV / E 133 ST,KATONAH AV / E 242 ST,5160
WALNUT AV / E 133 ST,3 AV / E FORDHAM RD,3180
WALNUT AV / E 133 ST,E 135 ST / ST ANN S AV,480
WALNUT AV / E 133 ST,VALENTINE AV / FORDHAM RD,3784
WALNUT AV / E 133 ST,SOUNDVIEW AV / CORNELL AV,4323
WALNUT AV / E 133 ST,W 125 ST / 12 AV,2520
WALNUT AV / E 133 ST,W 179 ST / BROADWAY,2568
WALNUT AV / E 133 ST,PENNYFIELD AV / FT SCHUYLER ENT,4980
WALNUT AV / E 133 ST,ST NICHOLAS AV / W 167 ST,2077
WALNUT AV / E 133 ST,W FARMS RD / WESTCHESTER AV,2515
WALNUT AV / E 133 ST,Parking Ramp / Access Rd,4917
WALNUT AV / E 133 ST,BROADWAY / W 262 ST,5280
WALNUT AV / E 133 ST,TREMONT AV / LANE AV,4490
WALNUT AV / E 133 ST,E 136 ST / LINCOLN AV,900
WALNUT AV / E 133 ST,WEST FARMS RD / HOE AV,2502
WALNUT AV / E 133 ST,RIVERBANK / STATE PARK,1920
WALNUT AV / E 133 ST,ERSKINE PL / EARHART LA,6300
WALNUT AV / E 133 ST,W 135 ST / ST NICHOLAS AV,1140
WALNUT AV / E 133 ST,179 ST / BROADWAY,2518
WALNUT AV / E 133 ST,SOUTHERN BL / WESTCHESTER AV,2433
WALNUT AV / E 133 ST,BAINBRIDGE AV / E 206 ST,4139
WALNUT AV / E 133 ST,LANE AV / BENSON AV,4421
WALNUT AV / E 133 ST,OLMSTEAD AV / SEWARD AV,4500
WALNUT AV / E 133 ST,E 149 ST / BERGEN AV,1643
WALNUT AV / E 133 ST,LIC,4152
W FARMS RD / WESTCHESTER AV,SOUTHERN BL / BOTANICAL GARDENS,1274
W FARMS RD / WESTCHESTER AV,CO-OP CITY BL / Bartow Av,2522
W FARMS RD / WESTCHESTER AV,BROADWAY / W 179 ST,2000
W FARMS RD / WESTCHESTER AV,RIVERDALE AV / W 263 ST,4274
W FARMS RD / WESTCHESTER AV,KATONAH AV / E 242 ST,3254
W FARMS RD / WESTCHESTER AV,3 AV / E FORDHAM RD,1530
W FARMS RD / WESTCHESTER AV,E 135 ST / ST ANN S AV,1400
W FARMS RD / WESTCHESTER AV,VALENTINE AV / FORDHAM RD,1960
W FARMS RD / WESTCHESTER AV,SOUNDVIEW AV / CORNELL AV,1316
W FARMS RD / WESTCHESTER AV,W 125 ST / 12 AV,2853
W FARMS RD / WESTCHESTER AV,W 179 ST / BROADWAY,2068
W FARMS RD / WESTCHESTER AV,PENNYFIELD AV / FT SCHUYLER ENT,2781
W FARMS RD / WESTCHESTER AV,ST NICHOLAS AV / W 167 ST,2388
W FARMS RD / WESTCHESTER AV,WALNUT AV / E 133 ST,2600
W FARMS RD / WESTCHESTER AV,Parking Ramp / Access Rd,2342
W FARMS RD / WESTCHESTER AV,BROADWAY / W 262 ST,3554
W FARMS RD / WESTCHESTER AV,TREMONT AV / LANE AV,1654
W FARMS RD / WESTCHESTER AV,E 136 ST / LINCOLN AV,1476
W FARMS RD / WESTCHESTER AV,WEST FARMS RD / HOE AV,28
W FARMS RD / WESTCHESTER AV,RIVERBANK / STATE PARK,2540
W FARMS RD / WESTCHESTER AV,ERSKINE PL / EARHART LA,3122
W FARMS RD / WESTCHESTER AV,W 135 ST / ST NICHOLAS AV,2504
W FARMS RD / WESTCHESTER AV,179 ST / BROADWAY,1993
W FARMS RD / WESTCHESTER AV,SOUTHERN BL / WESTCHESTER AV,47
W FARMS RD / WESTCHESTER AV,BAINBRIDGE AV / E 206 ST,2561
W FARMS RD / WESTCHESTER AV,LANE AV / BENSON AV,1585
W FARMS RD / WESTCHESTER AV,OLMSTEAD AV / SEWARD AV,1322
W FARMS RD / WESTCHESTER AV,E 149 ST / BERGEN AV,714
W FARMS RD / WESTCHESTER AV,LIC,5166
PARKING RAMP / ACCESS RD,SOUTHERN BL / BOTANICAL GARDENS,2038
PARKING RAMP / ACCESS RD,CO-OP CITY BL / Bartow Av,367
PARKING RAMP / ACCESS RD,BROADWAY / W 179 ST,3178
PARKING RAMP / ACCESS RD,RIVERDALE AV / W 263 ST,4258
PARKING RAMP / ACCESS RD,KATONAH AV / E 242 ST,2896
PARKING RAMP / ACCESS RD,3 AV / E FORDHAM RD,1915
PARKING RAMP / ACCESS RD,E 135 ST / ST ANN S AV,3840
PARKING RAMP / ACCESS RD,VALENTINE AV / FORDHAM RD,1944
PARKING RAMP / ACCESS RD,SOUNDVIEW AV / CORNELL AV,1803
PARKING RAMP / ACCESS RD,W 125 ST / 12 AV,4970
PARKING RAMP / ACCESS RD,W 179 ST / BROADWAY,3251
PARKING RAMP / ACCESS RD,PENNYFIELD AV / FT SCHUYLER ENT,2220
PARKING RAMP / ACCESS RD,ST NICHOLAS AV / W 167 ST,3676
PARKING RAMP / ACCESS RD,WALNUT AV / E 133 ST,4440
PARKING RAMP / ACCESS RD,W FARMS RD / WESTCHESTER AV,2482
PARKING RAMP / ACCESS RD,Parking Ramp / Access Rd,36
PARKING RAMP / ACCESS RD,BROADWAY / W 262 ST,3538
PARKING RAMP / ACCESS RD,TREMONT AV / LANE AV,1618
PARKING RAMP / ACCESS RD,E 136 ST / LINCOLN AV,4078
PARKING RAMP / ACCESS RD,WEST FARMS RD / HOE AV,2469
PARKING RAMP / ACCESS RD,RIVERBANK / STATE PARK,4800
PARKING RAMP / ACCESS RD,ERSKINE PL / EARHART LA,324
PARKING RAMP / ACCESS RD,W 135 ST / ST NICHOLAS AV,4618
PARKING RAMP / ACCESS RD,179 ST / BROADWAY,3190
PARKING RAMP / ACCESS RD,SOUTHERN BL / WESTCHESTER AV,2400
PARKING RAMP / ACCESS RD,BAINBRIDGE AV / E 206 ST,2545
PARKING RAMP / ACCESS RD,LANE AV / BENSON AV,1472
PARKING RAMP / ACCESS RD,OLMSTEAD AV / SEWARD AV,1443
PARKING RAMP / ACCESS RD,E 149 ST / BERGEN AV,3355
PARKING RAMP / ACCESS RD,LIC,8232
EARHART LA / ERSKINE PL,SOUTHERN BL / BOTANICAL GARDENS,2133
EARHART LA / ERSKINE PL,CO-OP CITY BL / Bartow Av,441
EARHART LA / ERSKINE PL,BROADWAY / W 179 ST,3273
EARHART LA / ERSKINE PL,RIVERDALE AV / W 263 ST,4353
EARHART LA / ERSKINE PL,KATONAH AV / E 242 ST,2760
EARHART LA / ERSKINE PL,3 AV / E FORDHAM RD,2010
EARHART LA / ERSKINE PL,E 135 ST / ST ANN S AV,4113
EARHART LA / ERSKINE PL,VALENTINE AV / FORDHAM RD,2039
EARHART LA / ERSKINE PL,SOUNDVIEW AV / CORNELL AV,2076
EARHART LA / ERSKINE PL,W 125 ST / 12 AV,5243
EARHART LA / ERSKINE PL,W 179 ST / BROADWAY,3346
EARHART LA / ERSKINE PL,PENNYFIELD AV / FT SCHUYLER ENT,3393
EARHART LA / ERSKINE PL,ST NICHOLAS AV / W 167 ST,4473
EARHART LA / ERSKINE PL,WALNUT AV / E 133 ST,4713
EARHART LA / ERSKINE PL,W FARMS RD / WESTCHESTER AV,2755
EARHART LA / ERSKINE PL,Parking Ramp / Access Rd,331
EARHART LA / ERSKINE PL,BROADWAY / W 262 ST,3633
EARHART LA / ERSKINE PL,TREMONT AV / LANE AV,1713
EARHART LA / ERSKINE PL,E 136 ST / LINCOLN AV,4173
EARHART LA / ERSKINE PL,WEST FARMS RD / HOE AV,2742
EARHART LA / ERSKINE PL,RIVERBANK / STATE PARK,5073
EARHART LA / ERSKINE PL,ERSKINE PL / EARHART LA,28
EARHART LA / ERSKINE PL,W 135 ST / ST NICHOLAS AV,4713
EARHART LA / ERSKINE PL,179 ST / BROADWAY,3285
EARHART LA / ERSKINE PL,SOUTHERN BL / WESTCHESTER AV,2673
EARHART LA / ERSKINE PL,BAINBRIDGE AV / E 206 ST,2296
EARHART LA / ERSKINE PL,LANE AV / BENSON AV,1787
EARHART LA / ERSKINE PL,OLMSTEAD AV / SEWARD AV,1716
EARHART LA / ERSKINE PL,E 149 ST / BERGEN AV,3450
BAY PZ / BARTOW AV,SOUTHERN BL / BOTANICAL GARDENS,2141
BAY PZ / BARTOW AV,CO-OP CITY BL / Bartow Av,470
BAY PZ / BARTOW AV,BROADWAY / W 179 ST,3281
BAY PZ / BARTOW AV,RIVERDALE AV / W 263 ST,4361
BAY PZ / BARTOW AV,KATONAH AV / E 242 ST,2707
BAY PZ / BARTOW AV,3 AV / E FORDHAM RD,2018
BAY PZ / BARTOW AV,E 135 ST / ST ANN S AV,3981
BAY PZ / BARTOW AV,VALENTINE AV / FORDHAM RD,2047
BAY PZ / BARTOW AV,SOUNDVIEW AV / CORNELL AV,1944
BAY PZ / BARTOW AV,W 125 ST / 12 AV,5111
BAY PZ / BARTOW AV,W 179 ST / BROADWAY,3354
BAY PZ / BARTOW AV,PENNYFIELD AV / FT SCHUYLER ENT,2361
BAY PZ / BARTOW AV,ST NICHOLAS AV / W 167 ST,3779
BAY PZ / BARTOW AV,WALNUT AV / E 133 ST,4581
BAY PZ / BARTOW AV,W FARMS RD / WESTCHESTER AV,2623
BAY PZ / BARTOW AV,Parking Ramp / Access Rd,242
BAY PZ / BARTOW AV,BROADWAY / W 262 ST,3641
BAY PZ / BARTOW AV,TREMONT AV / LANE AV,1721
BAY PZ / BARTOW AV,E 136 ST / LINCOLN AV,4181
BAY PZ / BARTOW AV,WEST FARMS RD / HOE AV,2610
BAY PZ / BARTOW AV,RIVERBANK / STATE PARK,4941
BAY PZ / BARTOW AV,ERSKINE PL / EARHART LA,267
BAY PZ / BARTOW AV,W 135 ST / ST NICHOLAS AV,4721
BAY PZ / BARTOW AV,179 ST / BROADWAY,3293
BAY PZ / BARTOW AV,SOUTHERN BL / WESTCHESTER AV,2541
BAY PZ / BARTOW AV,BAINBRIDGE AV / E 206 ST,2243
BAY PZ / BARTOW AV,LANE AV / BENSON AV,1613
BAY PZ / BARTOW AV,OLMSTEAD AV / SEWARD AV,1584
BAY PZ / BARTOW AV,E 149 ST / BERGEN AV,3458
BAY PZ / BARTOW AV,LIC,8373
WESTCHESTER AV / LANE  AV,SOUTHERN BL / BOTANICAL GARDENS,2077
WESTCHESTER AV / LANE  AV,CO-OP CITY BL / Bartow Av,1765
WESTCHESTER AV / LANE  AV,BROADWAY / W 179 ST,3217
WESTCHESTER AV / LANE  AV,RIVERDALE AV / W 263 ST,4306
WESTCHESTER AV / LANE  AV,KATONAH AV / E 242 ST,2555
WESTCHESTER AV / LANE  AV,3 AV / E FORDHAM RD,1913
WESTCHESTER AV / LANE  AV,E 135 ST / ST ANN S AV,2654
WESTCHESTER AV / LANE  AV,VALENTINE AV / FORDHAM RD,2077
WESTCHESTER AV / LANE  AV,SOUNDVIEW AV / CORNELL AV,1817
WESTCHESTER AV / LANE  AV,W 125 ST / 12 AV,4800
WESTCHESTER AV / LANE  AV,W 179 ST / BROADWAY,3337
WESTCHESTER AV / LANE  AV,PENNYFIELD AV / FT SCHUYLER ENT,1171
WESTCHESTER AV / LANE  AV,ST NICHOLAS AV / W 167 ST,3715
WESTCHESTER AV / LANE  AV,WALNUT AV / E 133 ST,2654
WESTCHESTER AV / LANE  AV,W FARMS RD / WESTCHESTER AV,1475
WESTCHESTER AV / LANE  AV,Parking Ramp / Access Rd,1153
WESTCHESTER AV / LANE  AV,BROADWAY / W 262 ST,4297
WESTCHESTER AV / LANE  AV,TREMONT AV / LANE AV,100
WESTCHESTER AV / LANE  AV,E 136 ST / LINCOLN AV,2894
WESTCHESTER AV / LANE  AV,WEST FARMS RD / HOE AV,1484
WESTCHESTER AV / LANE  AV,RIVERBANK / STATE PARK,4094
WESTCHESTER AV / LANE  AV,ERSKINE PL / EARHART LA,1516
WESTCHESTER AV / LANE  AV,W 135 ST / ST NICHOLAS AV,4158
WESTCHESTER AV / LANE  AV,179 ST / BROADWAY,3229
WESTCHESTER AV / LANE  AV,SOUTHERN BL / WESTCHESTER AV,1535
WESTCHESTER AV / LANE  AV,BAINBRIDGE AV / E 206 ST,2584
WESTCHESTER AV / LANE  AV,LANE AV / BENSON AV,29
WESTCHESTER AV / LANE  AV,OLMSTEAD AV / SEWARD AV,1154
WESTCHESTER AV / LANE  AV,E 149 ST / BERGEN AV,2174
WESTCHESTER AV / LANE  AV,LIC,6432
RANDALL AV / OLMSTEAD AV,SOUTHERN BL / BOTANICAL GARDENS,2400
RANDALL AV / OLMSTEAD AV,CO-OP CITY BL / Bartow Av,2009
RANDALL AV / OLMSTEAD AV,BROADWAY / W 179 ST,3733
RANDALL AV / OLMSTEAD AV,RIVERDALE AV / W 263 ST,5340
RANDALL AV / OLMSTEAD AV,KATONAH AV / E 242 ST,3800
RANDALL AV / OLMSTEAD AV,3 AV / E FORDHAM RD,2454
RANDALL AV / OLMSTEAD AV,E 135 ST / ST ANN S AV,2658
RANDALL AV / OLMSTEAD AV,VALENTINE AV / FORDHAM RD,2618
RANDALL AV / OLMSTEAD AV,SOUNDVIEW AV / CORNELL AV,903
RANDALL AV / OLMSTEAD AV,W 125 ST / 12 AV,4268
RANDALL AV / OLMSTEAD AV,W 179 ST / BROADWAY,3660
RANDALL AV / OLMSTEAD AV,PENNYFIELD AV / FT SCHUYLER ENT,2103
RANDALL AV / OLMSTEAD AV,ST NICHOLAS AV / W 167 ST,3475
RANDALL AV / OLMSTEAD AV,WALNUT AV / E 133 ST,2658
RANDALL AV / OLMSTEAD AV,W FARMS RD / WESTCHESTER AV,1600
RANDALL AV / OLMSTEAD AV,Parking Ramp / Access Rd,1503
RANDALL AV / OLMSTEAD AV,BROADWAY / W 262 ST,4800
RANDALL AV / OLMSTEAD AV,TREMONT AV / LANE AV,1813
RANDALL AV / OLMSTEAD AV,E 136 ST / LINCOLN AV,2778
RANDALL AV / OLMSTEAD AV,WEST FARMS RD / HOE AV,1587
RANDALL AV / OLMSTEAD AV,RIVERBANK / STATE PARK,4098
RANDALL AV / OLMSTEAD AV,ERSKINE PL / EARHART LA,2103
RANDALL AV / OLMSTEAD AV,W 135 ST / ST NICHOLAS AV,4162
RANDALL AV / OLMSTEAD AV,179 ST / BROADWAY,3737
RANDALL AV / OLMSTEAD AV,SOUTHERN BL / WESTCHESTER AV,1518
RANDALL AV / OLMSTEAD AV,BAINBRIDGE AV / E 206 ST,3157
RANDALL AV / OLMSTEAD AV,LANE AV / BENSON AV,1744
RANDALL AV / OLMSTEAD AV,OLMSTEAD AV / SEWARD AV,156
RANDALL AV / OLMSTEAD AV,E 149 ST / BERGEN AV,2178
BERGEN AV / WESTCHESTER AV,SOUTHERN BL / BOTANICAL GARDENS,2160
BERGEN AV / WESTCHESTER AV,CO-OP CITY BL / Bartow Av,3857
BERGEN AV / WESTCHESTER AV,BROADWAY / W 179 ST,2503
BERGEN AV / WESTCHESTER AV,RIVERDALE AV / W 263 ST,4328
BERGEN AV / WESTCHESTER AV,KATONAH AV / E 242 ST,3308
BERGEN AV / WESTCHESTER AV,3 AV / E FORDHAM RD,1628
BERGEN AV / WESTCHESTER AV,E 135 ST / ST ANN S AV,683
BERGEN AV / WESTCHESTER AV,VALENTINE AV / FORDHAM RD,1964
BERGEN AV / WESTCHESTER AV,SOUNDVIEW AV / CORNELL AV,2760
BERGEN AV / WESTCHESTER AV,W 125 ST / 12 AV,2062
BERGEN AV / WESTCHESTER AV,W 179 ST / BROADWAY,2571
BERGEN AV / WESTCHESTER AV,PENNYFIELD AV / FT SCHUYLER ENT,3420
BERGEN AV / WESTCHESTER AV,ST NICHOLAS AV / W 167 ST,1920
BERGEN AV / WESTCHESTER AV,WALNUT AV / E 133 ST,1883
BERGEN AV / WESTCHESTER AV,W FARMS RD / WESTCHESTER AV,716
BERGEN AV / WESTCHESTER AV,Parking Ramp / Access Rd,3485
BERGEN AV / WESTCHESTER AV,BROADWAY / W 262 ST,3608
BERGEN AV / WESTCHESTER AV,TREMONT AV / LANE AV,2293
BERGEN AV / WESTCHESTER AV,E 136 ST / LINCOLN AV,382
BERGEN AV / WESTCHESTER AV,WEST FARMS RD / HOE AV,705
BERGEN AV / WESTCHESTER AV,RIVERBANK / STATE PARK,1500
BERGEN AV / WESTCHESTER AV,ERSKINE PL / EARHART LA,3848
BERGEN AV / WESTCHESTER AV,W 135 ST / ST NICHOLAS AV,2112
BERGEN AV / WESTCHESTER AV,179 ST / BROADWAY,2496
BERGEN AV / WESTCHESTER AV,SOUTHERN BL / WESTCHESTER AV,689
BERGEN AV / WESTCHESTER AV,BAINBRIDGE AV / E 206 ST,2490
BERGEN AV / WESTCHESTER AV,LANE AV / BENSON AV,2224
BERGEN AV / WESTCHESTER AV,OLMSTEAD AV / SEWARD AV,2160
BERGEN AV / WESTCHESTER AV,E 149 ST / BERGEN AV,28
BERGEN AV / WESTCHESTER AV,LIC,3694
LANE AV / BENSON AV,SOUTHERN BL / BOTANICAL GARDENS,2047
LANE AV / BENSON AV,CO-OP CITY BL / Bartow Av,1742
LANE AV / BENSON AV,BROADWAY / W 179 ST,3187
LANE AV / BENSON AV,RIVERDALE AV / W 263 ST,4285
LANE AV / BENSON AV,KATONAH AV / E 242 ST,2502
LANE AV / BENSON AV,3 AV / E FORDHAM RD,1883
LANE AV / BENSON AV,E 135 ST / ST ANN S AV,2580
LANE AV / BENSON AV,VALENTINE AV / FORDHAM RD,2047
LANE AV / BENSON AV,SOUNDVIEW AV / CORNELL AV,1743
LANE AV / BENSON AV,W 125 ST / 12 AV,4740
LANE AV / BENSON AV,W 179 ST / BROADWAY,3307
LANE AV / BENSON AV,PENNYFIELD AV / FT SCHUYLER ENT,1151
LANE AV / BENSON AV,ST NICHOLAS AV / W 167 ST,3685
LANE AV / BENSON AV,WALNUT AV / E 133 ST,2580
LANE AV / BENSON AV,W FARMS RD / WESTCHESTER AV,1401
LANE AV / BENSON AV,Parking Ramp / Access Rd,1130
LANE AV / BENSON AV,BROADWAY / W 262 ST,4267
LANE AV / BENSON AV,TREMONT AV / LANE AV,39
LANE AV / BENSON AV,E 136 ST / LINCOLN AV,2820
LANE AV / BENSON AV,WEST FARMS RD / HOE AV,1410
LANE AV / BENSON AV,RIVERBANK / STATE PARK,4020
LANE AV / BENSON AV,ERSKINE PL / EARHART LA,1493
LANE AV / BENSON AV,W 135 ST / ST NICHOLAS AV,4084
LANE AV / BENSON AV,179 ST / BROADWAY,3199
LANE AV / BENSON AV,SOUTHERN BL / WESTCHESTER AV,1461
LANE AV / BENSON AV,BAINBRIDGE AV / E 206 ST,2554
LANE AV / BENSON AV,OLMSTEAD AV / SEWARD AV,1080
LANE AV / BENSON AV,E 149 ST / BERGEN AV,2100
LANE AV / BENSON AV,LIC,6372
LIC,SOUTHERN BL / BOTANICAL GARDENS,5748
LIC,CO-OP CITY BL / Bartow Av,7788
LIC,BROADWAY / W 179 ST,4634
LIC,RIVERDALE AV / W 263 ST,7248
LIC,KATONAH AV / E 242 ST,7068
LIC,3 AV / E FORDHAM RD,5148
LIC,E 135 ST / ST ANN S AV,4068
LIC,VALENTINE AV / FORDHAM RD,5484
LIC,SOUNDVIEW AV / CORNELL AV,6305
LIC,W 125 ST / 12 AV,3108
LIC,W 179 ST / BROADWAY,4588
LIC,PENNYFIELD AV / FT SCHUYLER ENT,7908
LIC,ST NICHOLAS AV / W 167 ST,4234
LIC,WALNUT AV / E 133 ST,3948
LIC,W FARMS RD / WESTCHESTER AV,4603
LIC,Parking Ramp / Access Rd,7245
LIC,BROADWAY / W 262 ST,7428
LIC,TREMONT AV / LANE AV,6002
LIC,E 136 ST / LINCOLN AV,3528
LIC,WEST FARMS RD / HOE AV,4590
LIC,RIVERBANK / STATE PARK,3528
LIC,ERSKINE PL / EARHART LA,8388
LIC,W 135 ST / ST NICHOLAS AV,2868
LIC,179 ST / BROADWAY,4631
LIC,SOUTHERN BL / WESTCHESTER AV,4521
LIC,BAINBRIDGE AV / E 206 ST,6175
LIC,LANE AV / BENSON AV,5928
LIC,OLMSTEAD AV / SEWARD AV,6348
LIC,E 149 ST / BERGEN AV,3433
